,Media,Date,Tweet Text,Compound,Positive,Negative,Neutral,Tweets Ago
0,BBC,Wed Jun 27 20:01:05 +0000 2018,"A raw and unfiltered insight into the bloodiest conflict since the Second World War.

Storyville: This is Congo | 1‚Ä¶ https://t.co/8biUiR6fAI",-0.7351,0.0,0.267,0.733,100
1,BBC,Wed Jun 27 19:02:01 +0000 2018,"üòÇ  @Cher's ""criminal"" past is üò≥...
#TheGNShow https://t.co/O3bSFbOaO9",0.4404,0.242,0.121,0.637,99
2,BBC,Wed Jun 27 18:00:25 +0000 2018,üéß Can you believe DJ Switch only started DJ-ing a year ago? https://t.co/b5CY3vEX7Q,0.0,0.0,0.0,1.0,98
3,BBC,Wed Jun 27 16:04:05 +0000 2018,Something deadly lies beneath the ice in Iceland... https://t.co/IqWwmtfTkk,-0.4215,0.0,0.259,0.741,97
4,BBC,Wed Jun 27 15:09:27 +0000 2018,"üï∫ *Knight Fever* 

Bee Gee Sir Barry Gibb paid tribute to his late brothers as he collected his knighthood on Tuesd‚Ä¶ https://t.co/LLIHYKRfhR",0.0,0.0,0.0,1.0,96
5,BBC,Wed Jun 27 14:42:13 +0000 2018,RT @bbccomedy: Some writing advice from an expert... #NationalWritingDay @RealMattLucas @davidwalliams https://t.co/lz2MQzpvKY,0.0,0.0,0.0,1.0,95
6,BBC,Wed Jun 27 13:05:07 +0000 2018,"French butchers have written to the government asking for protection against militant vegans.
üëâ‚Ä¶ https://t.co/6pgMQ46tUR",0.0,0.0,0.0,1.0,94
7,BBC,Wed Jun 27 11:52:00 +0000 2018,‚òïÔ∏è How a simple change is cutting coffee cup waste https://t.co/kkbcSZvFn3,-0.5106,0.0,0.35,0.65,93
8,BBC,Wed Jun 27 11:39:52 +0000 2018,"RT @BBCBreakfast: Dear Summer, ‚òÄÔ∏è
We're enjoying this lovely weather. Can you stay?
Lots of love - The entire UK x
#heatwave https://t.co/g‚Ä¶",0.9403,0.464,0.0,0.536,92
9,BBC,Wed Jun 27 11:03:04 +0000 2018,"ü¶îüßô Did you know people used to think hedgehogs were witches?

Here are nine things you might not know about the hum‚Ä¶ https://t.co/Wj7a5idS4m",0.0,0.0,0.0,1.0,91
10,BBC,Wed Jun 27 09:30:20 +0000 2018,"üòê This is what happens when you hire an arts and crafts teacher to freshen up a 16th-Century wooden sculpture.
üëâ‚Ä¶ https://t.co/qVNcgsGM8C",0.0,0.0,0.0,1.0,90
11,BBC,Wed Jun 27 08:47:40 +0000 2018,RT @BBCArchive: Computer geeks - this is your lucky day! You can now watch all 146 original programmes and run 161 programs from the 1980s‚Ä¶,0.6114,0.194,0.05,0.756,89
12,BBC,Wed Jun 27 08:01:05 +0000 2018,üëü @MumsnetTowers founder @Justine_Roberts on why you should always wear trainers to work. https://t.co/FgTPRo5Agm,0.0,0.0,0.0,1.0,88
13,BBC,Wed Jun 27 07:29:04 +0000 2018,"üò¥ The colour cyan - between green and blue - is a hidden factor in encouraging or preventing sleep, according to bi‚Ä¶ https://t.co/HogBXzm2Y5",0.5106,0.145,0.047,0.809,87
14,BBC,Wed Jun 27 07:01:05 +0000 2018,Inside the community where people with learning disabilities and the people who care for them live and work togethe‚Ä¶ https://t.co/LurfYqtc84,0.4939,0.144,0.0,0.856,86
15,BBC,Tue Jun 26 21:20:15 +0000 2018,"RT @BBC6Music: Did @kanyewest and @theweeknd ""blatantly"" rip off @nineinchnails' live show?

Weds, Noon BST: Nine Inch Nails' @trent_reznor‚Ä¶",0.0,0.0,0.0,1.0,85
16,BBC,Tue Jun 26 19:05:08 +0000 2018,"üòéüî•üç¶ Hot temperatures in the UK are expected to last until the weekend.
üëâ https://t.co/ZhZVaKJuqf

#HeatwaveUK https://t.co/smTw2ule2v",0.0,0.0,0.0,1.0,84
17,BBC,Tue Jun 26 18:03:06 +0000 2018,"Tonight, @itsanitarani and @bbcnickrobinson ask tough questions about the NHS in a special live event. 

 NHS at 70‚Ä¶ https://t.co/Wu4ECf7qic",0.296,0.134,0.074,0.792,83
18,BBC,Tue Jun 26 17:02:02 +0000 2018,How would you feel if the builder only made you half a house? https://t.co/yaWB0USzex,0.0,0.0,0.0,1.0,82
19,BBC,Tue Jun 26 16:33:41 +0000 2018,"RT @bbcwritersroom: Tomorrow, Wednesday 27th June is #NationalWritingDay! @writeday

As part of the events we're running a live Twitter Q&amp;A‚Ä¶",0.0,0.0,0.0,1.0,81
20,BBC,Wed Jun 27 20:01:05 +0000 2018,"A raw and unfiltered insight into the bloodiest conflict since the Second World War.

Storyville: This is Congo | 1‚Ä¶ https://t.co/8biUiR6fAI",-0.7351,0.0,0.267,0.733,80
21,BBC,Wed Jun 27 19:02:01 +0000 2018,"üòÇ  @Cher's ""criminal"" past is üò≥...
#TheGNShow https://t.co/O3bSFbOaO9",0.4404,0.242,0.121,0.637,79
22,BBC,Wed Jun 27 18:00:25 +0000 2018,üéß Can you believe DJ Switch only started DJ-ing a year ago? https://t.co/b5CY3vEX7Q,0.0,0.0,0.0,1.0,78
23,BBC,Wed Jun 27 16:04:05 +0000 2018,Something deadly lies beneath the ice in Iceland... https://t.co/IqWwmtfTkk,-0.4215,0.0,0.259,0.741,77
24,BBC,Wed Jun 27 15:09:27 +0000 2018,"üï∫ *Knight Fever* 

Bee Gee Sir Barry Gibb paid tribute to his late brothers as he collected his knighthood on Tuesd‚Ä¶ https://t.co/LLIHYKRfhR",0.0,0.0,0.0,1.0,76
25,BBC,Wed Jun 27 14:42:13 +0000 2018,RT @bbccomedy: Some writing advice from an expert... #NationalWritingDay @RealMattLucas @davidwalliams https://t.co/lz2MQzpvKY,0.0,0.0,0.0,1.0,75
26,BBC,Wed Jun 27 13:05:07 +0000 2018,"French butchers have written to the government asking for protection against militant vegans.
üëâ‚Ä¶ https://t.co/6pgMQ46tUR",0.0,0.0,0.0,1.0,74
27,BBC,Wed Jun 27 11:52:00 +0000 2018,‚òïÔ∏è How a simple change is cutting coffee cup waste https://t.co/kkbcSZvFn3,-0.5106,0.0,0.35,0.65,73
28,BBC,Wed Jun 27 11:39:52 +0000 2018,"RT @BBCBreakfast: Dear Summer, ‚òÄÔ∏è
We're enjoying this lovely weather. Can you stay?
Lots of love - The entire UK x
#heatwave https://t.co/g‚Ä¶",0.9403,0.464,0.0,0.536,72
29,BBC,Wed Jun 27 11:03:04 +0000 2018,"ü¶îüßô Did you know people used to think hedgehogs were witches?

Here are nine things you might not know about the hum‚Ä¶ https://t.co/Wj7a5idS4m",0.0,0.0,0.0,1.0,71
30,BBC,Wed Jun 27 09:30:20 +0000 2018,"üòê This is what happens when you hire an arts and crafts teacher to freshen up a 16th-Century wooden sculpture.
üëâ‚Ä¶ https://t.co/qVNcgsGM8C",0.0,0.0,0.0,1.0,70
31,BBC,Wed Jun 27 08:47:40 +0000 2018,RT @BBCArchive: Computer geeks - this is your lucky day! You can now watch all 146 original programmes and run 161 programs from the 1980s‚Ä¶,0.6114,0.194,0.05,0.756,69
32,BBC,Wed Jun 27 08:01:05 +0000 2018,üëü @MumsnetTowers founder @Justine_Roberts on why you should always wear trainers to work. https://t.co/FgTPRo5Agm,0.0,0.0,0.0,1.0,68
33,BBC,Wed Jun 27 07:29:04 +0000 2018,"üò¥ The colour cyan - between green and blue - is a hidden factor in encouraging or preventing sleep, according to bi‚Ä¶ https://t.co/HogBXzm2Y5",0.5106,0.145,0.047,0.809,67
34,BBC,Wed Jun 27 07:01:05 +0000 2018,Inside the community where people with learning disabilities and the people who care for them live and work togethe‚Ä¶ https://t.co/LurfYqtc84,0.4939,0.144,0.0,0.856,66
35,BBC,Tue Jun 26 21:20:15 +0000 2018,"RT @BBC6Music: Did @kanyewest and @theweeknd ""blatantly"" rip off @nineinchnails' live show?

Weds, Noon BST: Nine Inch Nails' @trent_reznor‚Ä¶",0.0,0.0,0.0,1.0,65
36,BBC,Tue Jun 26 19:05:08 +0000 2018,"üòéüî•üç¶ Hot temperatures in the UK are expected to last until the weekend.
üëâ https://t.co/ZhZVaKJuqf

#HeatwaveUK https://t.co/smTw2ule2v",0.0,0.0,0.0,1.0,64
37,BBC,Tue Jun 26 18:03:06 +0000 2018,"Tonight, @itsanitarani and @bbcnickrobinson ask tough questions about the NHS in a special live event. 

 NHS at 70‚Ä¶ https://t.co/Wu4ECf7qic",0.296,0.134,0.074,0.792,63
38,BBC,Tue Jun 26 17:02:02 +0000 2018,How would you feel if the builder only made you half a house? https://t.co/yaWB0USzex,0.0,0.0,0.0,1.0,62
39,BBC,Tue Jun 26 16:33:41 +0000 2018,"RT @bbcwritersroom: Tomorrow, Wednesday 27th June is #NationalWritingDay! @writeday

As part of the events we're running a live Twitter Q&amp;A‚Ä¶",0.0,0.0,0.0,1.0,61
40,BBC,Tue Jun 26 16:00:15 +0000 2018,üçÖ You can grow tomatoes in Iceland?!   https://t.co/ndmcf1SL8y,0.0,0.0,0.0,1.0,60
41,BBC,Tue Jun 26 14:52:03 +0000 2018,"RT @BBCWales: #ToProvideAllPeople: A star-studded film written by @OwenSheers to mark #NHS70.

Starring @MichaelSheen, @TeamEveMyles, @Pack‚Ä¶",0.0,0.0,0.0,1.0,59
42,BBC,Tue Jun 26 14:32:33 +0000 2018,"RT @BBCRadio2: To celebrate the anniversary of 1988's second Summer of Love, @djgarydavies, @ZoeTheBall, and @MsAnaMatronic are heading to‚Ä¶",0.836,0.317,0.0,0.683,58
43,BBC,Tue Jun 26 13:12:16 +0000 2018,"RT @BBCR1: Happy Birthday, @ArianaGrande! üéà‚ú®

Here's a throwback to her offering some 10/10 relationship advice to callers on @R1Breakfast‚Ä¶",0.6114,0.182,0.0,0.818,57
44,BBC,Tue Jun 26 12:58:04 +0000 2018,"üöÑüòΩüéÄ Japan has unveiled a pink bullet train themed around the cartoon character #HelloKitty.
üëâ‚Ä¶ https://t.co/uPA1cevSHt",0.0,0.0,0.0,1.0,56
45,BBC,Tue Jun 26 12:02:04 +0000 2018,"Activist
Poet
Director
Actor
Writer...

...and inspiration https://t.co/oOpo1fJV5K",0.5267,0.327,0.0,0.673,55
46,BBC,Tue Jun 26 11:02:03 +0000 2018,"üçïüíê Would you say 'I dough' to this pizza bouquet?
üëâ https://t.co/HqnBOtPZlN https://t.co/BJqFMcpWKv",0.0,0.0,0.0,1.0,54
47,BBC,Tue Jun 26 09:30:00 +0000 2018,"üåç‚ôªÔ∏èüí•üëä
What will your #PlasticsAction be? https://t.co/QQ1ZBgNyZN",0.0,0.0,0.0,1.0,53
48,BBC,Tue Jun 26 08:00:16 +0000 2018,Turns out you're biased in all sorts of ways you may not realise. https://t.co/yZ0ziOfX2L,-0.2732,0.0,0.139,0.861,52
49,BBC,Tue Jun 26 07:26:08 +0000 2018,"Seabirds are starving to death on the remote Lord Howe Island, a crew filming for the @BBCOne documentary‚Ä¶ https://t.co/XHDOBZn5Yb",-0.7717,0.0,0.295,0.705,51
50,BBC,Tue Jun 26 07:00:12 +0000 2018,üíï Julie is the childcare champion in the heart of the Gorbals. https://t.co/LcdEhzyTBG,0.5994,0.231,0.0,0.769,50
51,BBC,Mon Jun 25 18:03:04 +0000 2018,‚ú® These women are ditching their straighteners and embracing their natural hair. https://t.co/BTgEiHth2E,0.5859,0.304,0.0,0.696,49
52,BBC,Mon Jun 25 17:31:08 +0000 2018,Two teams of junior doctors from teaching hospitals around Britain go head to head in a medical-themed quiz show. üè•‚Ä¶ https://t.co/1z99Ax1RcK,0.0,0.0,0.0,1.0,48
53,BBC,Mon Jun 25 16:02:03 +0000 2018,"üôåüòÇ Well, that escalated quickly.
#HearHer #LiveAtTheApollo  https://t.co/4Bfa81zCSI",0.2732,0.231,0.0,0.769,47
54,BBC,Mon Jun 25 15:01:34 +0000 2018,RT @BBCTwo: SO much tension between Louis and the Queen! üò¨üëëüá´üá∑ #Versailles https://t.co/mT2tDG3Hen,-0.5524,0.0,0.229,0.771,46
55,BBC,Mon Jun 25 14:57:32 +0000 2018,RT @BBCTwo: brb just gonna pop inside for some fresh air... ‚òÄÔ∏èüò∞ https://t.co/rlTBirEDF2,0.3182,0.161,0.0,0.839,45
56,BBC,Mon Jun 25 13:48:41 +0000 2018,"RT @bbcarts: If you‚Äôre from the North this will make you well up with pride. ‚ù§Ô∏è
@lemnsissay delivers an impassioned reading of the poem he‚Ä¶",0.5423,0.158,0.0,0.842,44
57,BBC,Mon Jun 25 13:03:07 +0000 2018,"üê∂üòç They're all beautiful in our eyes! 
#WorldsUgliestDog https://t.co/qrQgVqtwt4",0.636,0.344,0.0,0.656,43
58,BBC,Mon Jun 25 12:04:05 +0000 2018,üôåüí™ @ChelseaClinton says it's time we rethink gender stereotypes and work harder to celebrate women. https://t.co/xgejAk33oK,0.5719,0.198,0.0,0.802,42
59,BBC,Mon Jun 25 11:01:03 +0000 2018,"üìñ‚ú®üå≤ From the Forbidden Forest at Hogwarts to Pooh's Hundred Acre Wood, here are six magical forests we love from ch‚Ä¶ https://t.co/hCU6am8R3o",0.34,0.156,0.104,0.741,41
60,BBC,Mon Jun 25 10:12:49 +0000 2018,"üåã Lava from Hawaii's Kilauea volcano creeps closer to more homes. 
 https://t.co/NfFXiwtVy7",0.0,0.0,0.0,1.0,40
61,BBC,Mon Jun 25 08:03:05 +0000 2018,This headteacher is budgeting to buy hygiene products for pupils as she's found some parents are struggling to affo‚Ä¶ https://t.co/Bm4PrQ8ucC,-0.4215,0.0,0.128,0.872,39
62,BBC,Mon Jun 25 07:26:06 +0000 2018,"ü§ñ What does it mean for AI to have a soul?
üëâ https://t.co/OkxIzH9cA2 https://t.co/XcEYkoIbst",0.0,0.0,0.0,1.0,38
63,BBC,Mon Jun 25 07:00:13 +0000 2018,Should we bring the woolly mammoth back from the dead? https://t.co/PASQyyoCXW,-0.6486,0.0,0.301,0.699,37
64,BBC,Sun Jun 24 19:03:02 +0000 2018,"Follow the inner workings of @nytimes, one of the most prolific American media outlets, during the first 12 months‚Ä¶ https://t.co/sTcKSPw5QW",0.0,0.0,0.0,1.0,36
65,BBC,Sun Jun 24 18:32:03 +0000 2018,üöó üá∏üá¶ Women in Saudi Arabia are hitting the road as the country's ban on women driving officially ends. https://t.co/RLv1njCk5t,-0.5574,0.0,0.153,0.847,35
66,BBC,Sun Jun 24 18:10:27 +0000 2018,"RT @BBCWthrWatchers: Beautiful ""night shining"" clouds, captured by our Weather Watchers #NoctilucentClouds https://t.co/FE9F3YQ3Kd",0.5994,0.245,0.0,0.755,34
67,BBC,Sun Jun 24 18:04:04 +0000 2018,"This. Will. Hurt.

@IdrisElba returns as the inimitable DCI #Luther. Coming soon to @BBCOne. https://t.co/AOmhtLjldy",-0.5267,0.0,0.195,0.805,33
68,BBC,Sun Jun 24 17:08:05 +0000 2018,"43% of female festival goers under 40 say they've faced unwanted sexual behaviour at a music festival, a new survey‚Ä¶ https://t.co/Wd5gcaHCgH",0.6705,0.263,0.078,0.658,32
69,BBC,Sun Jun 24 16:02:06 +0000 2018,"Imagine waking up one morning and you've lost the ability to speak or move your hands.
(via @BBCThree) https://t.co/M8IJVGSoE7",0.0,0.106,0.106,0.787,31
70,BBC,Sun Jun 24 15:18:03 +0000 2018,"In the aftermath of Hurricane Maria, Michelin-starred @chefjoseandres managed to feed more Puerto Ricans than any g‚Ä¶ https://t.co/HHjrHbsIb8",0.0,0.0,0.0,1.0,30
71,BBC,Sun Jun 24 14:29:47 +0000 2018,"RT @BBCMOTD: #ENG win 6-1 ‚úÖ
On a Sunday ‚úÖ
In the Sun ‚úÖ

Live scenes across England right now ‚òÄüéâ

#ENGPAN https://t.co/pOqaVykdHG",0.5859,0.112,0.0,0.888,29
72,BBC,Sun Jun 24 14:20:08 +0000 2018,"‚ù§Ô∏èüíç Game of Thrones stars, Rose Leslie and Kit Harington have tied the knot at a ceremony in Aberdeenshire.
üëâ‚Ä¶ https://t.co/VzvDpNHgRO",0.0,0.0,0.0,1.0,28
73,BBC,Sun Jun 24 13:03:02 +0000 2018,"üíîü¶ç Koko the gorilla sadly passed away this week, aged 46.

This is the story of her life. https://t.co/rIRb7mHpJx",-0.4215,0.0,0.135,0.865,27
74,BBC,Sun Jun 24 12:02:03 +0000 2018,üêõ Did you know there's a whole world on the back of a sloth?  https://t.co/wRWmXa7j4R,0.0,0.0,0.0,1.0,26
75,BBC,Sun Jun 24 11:04:03 +0000 2018,"ü•ëü•ïüåû These summery vegan dishes are perfect for when it's hot (and still delicious when it's not!) 

üëâ‚Ä¶ https://t.co/n8Nra5f9Jl",0.8268,0.312,0.0,0.688,25
76,BBC,Sun Jun 24 10:52:39 +0000 2018,"RT @BBCWorld: ""At last!""

Saudi Arabia becomes the last country in the world to allow women to drive. https://t.co/vfOqNTBk9o https://t.co/‚Ä¶",0.2942,0.103,0.0,0.897,24
77,BBC,Sun Jun 24 10:03:02 +0000 2018,"Getting ready for #ENG v #PAN like... Ô∏è‚öΩÔ∏èüèÜüí™ @JKCorden #WorldCup 

https://t.co/EbID4RxLuE",0.3612,0.217,0.0,0.783,23
78,BBC,Sun Jun 24 09:33:12 +0000 2018,"RT @BBC6Music: Ah, it seems so peaceful @GlastoFest this weekend. (via @bbcsomerset)  https://t.co/JzF0sbDEEh",0.6269,0.255,0.0,0.745,22
79,BBC,Sun Jun 24 09:04:05 +0000 2018,"Today, England play their first ever match against #WorldCup debutants Panama. ü¶Åü¶Åü¶Å

World Cup 2018: #ENG v #PAN | 1‚Ä¶ https://t.co/rZLcc8qfZ8",0.34,0.118,0.0,0.882,21
80,BBC,Sun Jun 24 08:37:50 +0000 2018,"RT @BBCWorld: New Zealand's PM reveals her daughter's name as she leaves hospital in Auckland üë∂üá≥üáø

https://t.co/5E751apfOg https://t.co/Zt7‚Ä¶",0.0,0.0,0.0,1.0,20
81,BBC,Sun Jun 24 08:20:08 +0000 2018,"What's happened since #BluePlanet2 first aired and what does Sir David Attenborough think about the response?
üëâ‚Ä¶ https://t.co/Qo4Nu3wQHT",0.0,0.0,0.0,1.0,19
82,BBC,Sun Jun 24 07:01:05 +0000 2018,"‚öΩÔ∏è‚ù§Ô∏è I. Bloody. Love. Football. 
#WorldCup https://t.co/vrmHGAfFYY",0.3182,0.347,0.24,0.413,18
83,BBC,Sat Jun 23 20:12:00 +0000 2018,"Over the last 50 years, the flesh-footed shearwater population has dropped by 30%.

Plastic is a major cause of the‚Ä¶ https://t.co/KwcWT38E6F",0.0,0.0,0.0,1.0,17
84,BBC,Sat Jun 23 19:02:02 +0000 2018,"Live coverage of England's clash with New Zealand in Colorado, USA. üèâ

Rugby League: New Zealand v England | 9pm |‚Ä¶ https://t.co/gNfWK4lAsg",0.0,0.0,0.0,1.0,16
85,BBC,Sat Jun 23 17:06:01 +0000 2018,‚òÄÔ∏èüôå Thousands of people gathered at Stonehenge this week to watch the sunrise and celebrate the #SummerSolstice. https://t.co/f0PA5HYgRK,0.5719,0.179,0.0,0.821,15
86,BBC,Sat Jun 23 16:02:02 +0000 2018,"‚öΩüêù Goal!!!
These clever bumblebees have been taught to play football. https://t.co/00fEPKxEYQ",0.7412,0.386,0.0,0.614,14
87,BBC,Sat Jun 23 15:00:27 +0000 2018,"üì±‚ôøÔ∏è This 13-year-old made an app to help disabled people find accessible services. 
(via @BBCThree) https://t.co/EkjrhQOFi3",0.4019,0.153,0.0,0.847,13
88,BBC,Sat Jun 23 14:02:01 +0000 2018,"Unlocking the hidden life of Frida Kahlo.
üëâ https://t.co/g8KqGCs5JX https://t.co/SyRnFXRvNQ",0.0,0.0,0.0,1.0,12
89,BBC,Sat Jun 23 12:57:05 +0000 2018,"üé∂üé§Meet the stockbroker who writes hits for @LittleMix and @JessGlynne 

https://t.co/zYl0M4CHcj https://t.co/s8HYxwiDKr",0.0,0.0,0.0,1.0,11
90,BBC,Sat Jun 23 12:00:16 +0000 2018,"üé∂ SOUND ON üé∂ 
Below the big blue there is green! üíö
#OurBluePlanet w/ @OceanX https://t.co/E46jJvtmrN",0.0,0.0,0.0,1.0,10
91,BBC,Sat Jun 23 11:01:06 +0000 2018,"Faced with extreme weather, Bolivian farmers are going underground.
#BBCTakingTheTemperature https://t.co/ocATWI0jPL",0.0,0.0,0.0,1.0,9
92,BBC,Sat Jun 23 10:02:04 +0000 2018,"The ban on microbeads in certain products has begun in England and Scotland.

Here are some natural alternatives so‚Ä¶ https://t.co/vqESNyr5qD",0.0,0.183,0.143,0.675,8
93,BBC,Sat Jun 23 09:01:05 +0000 2018,"üòçüêø Baby squirrels grow up so fast! 
#SuperSquirrels https://t.co/NzSE4lUIC8",0.0,0.0,0.0,1.0,7
94,BBC,Sat Jun 23 07:59:02 +0000 2018,There has been a significant fall in the number of cases of HPV following the introduction of a vaccine for young w‚Ä¶ https://t.co/19trkIMZ91,0.2732,0.14,0.0,0.86,6
95,BBC,Sat Jun 23 07:22:00 +0000 2018,"‚ôªÔ∏èüåçSmall actions can make a big difference. 
#PlasticsAction

https://t.co/AWXUYNJ4e3 https://t.co/9Khy2bq19Z",0.0,0.0,0.0,1.0,5
96,BBC,Fri Jun 22 19:11:28 +0000 2018,"RT @BBCBreakfast: So many reasons to love¬†the #NorthEast of #England.
#Inventions https://t.co/xVseuMG347",0.6369,0.259,0.0,0.741,4
97,BBC,Fri Jun 22 19:11:15 +0000 2018,"RT @bbcworldservice: Born without a jaw, Isaiah Acosta has never spoken a word, yet he‚Äôs gone on to fulfil his dream of becoming a rapper.‚Ä¶",0.25,0.087,0.0,0.913,3
98,BBC,Fri Jun 22 19:10:41 +0000 2018,"RT @bbcstories: Today marks 70 years since the arrival of Caribbean migrants on the Empire Windrush ship to the UK.

 Back in 2018, how has‚Ä¶",0.0,0.0,0.0,1.0,2
99,BBC,Fri Jun 22 19:10:14 +0000 2018,RT @BBCTwo: How long would it take you to demolish this AMAZING burger? üçîüòµ #MillionPoundMenu https://t.co/KH8VHK2rE6,0.7518,0.265,0.0,0.735,1
100,CBS,Wed Jun 27 20:31:32 +0000 2018,What‚Äôs summer without @CBSBigBrother? ‚òÄÔ∏è RT if you‚Äôre counting down the hours to the #BB20 premiere TONIGHT at 8/7c‚Ä¶ https://t.co/Xp1s4Fp5J8,0.0,0.0,0.0,1.0,100
101,CBS,Wed Jun 27 14:00:01 +0000 2018,"It looks like you...

(‚Ä¢_‚Ä¢)
( ‚Ä¢_‚Ä¢)&gt;‚åê‚ñ†-‚ñ†
(‚åê‚ñ†_‚ñ†)

Have a lot of TV to watch!

Celebrate #NationalSunglassesDay with H‚Ä¶ https://t.co/Babt4ajIgV",0.7574,0.289,0.0,0.711,99
102,CBS,Mon Jun 25 18:20:25 +0000 2018,The world will finally know the truth. ‚òÑÔ∏è Make sure to tune in to the heart-pounding Season 2 premiere of‚Ä¶ https://t.co/mqMleW90DY,0.5574,0.204,0.0,0.796,98
103,CBS,Fri Jun 22 21:19:06 +0000 2018,Tonight's the night! Don't miss model @ashleygraham on the season finale of Celebrity @undercover_cbs at 8/7c. https://t.co/iBxAOcOF7a,0.1867,0.098,0.0,0.902,97
104,CBS,Fri Jun 22 18:33:53 +0000 2018,"Every day is #TakeYourDogToWorkDay for shows like @HawaiiFive0CBS, @MomCBS, @SEALTeamCBS, and @bigbangtheory! https://t.co/DJaOt1VQcw",0.4199,0.189,0.0,0.811,96
105,CBS,Thu Jun 21 23:29:50 +0000 2018,"Lights, camera, selfie! üì∏¬†Could there be a better photo for #NationalSelfieDay? https://t.co/14Ewx64yKC",0.4926,0.197,0.0,0.803,95
106,CBS,Wed Jun 20 00:39:01 +0000 2018,There‚Äôs nothing quite like watching a contestant win a brand new car on @PriceIsRight. üëè  https://t.co/aKlFikYAMM,0.3555,0.199,0.122,0.68,94
107,CBS,Mon Jun 18 20:27:50 +0000 2018,Time to make your predictions for #BB20! üëè Get to know the @CBSBigBrother Houseguests before the big premiere next‚Ä¶ https://t.co/jlpIchJ9sk,0.0,0.0,0.0,1.0,93
108,CBS,Mon Jun 18 15:00:46 +0000 2018,RT @CBSBigBrother: Meet the cast of #BB20... before anyone else! Start streaming all their live interviews beginning at 11am EST/8am PST on‚Ä¶,0.0,0.0,0.0,1.0,92
109,CBS,Sun Jun 17 13:00:01 +0000 2018,"Today and every day we celebrate their love, guidance, and support. Happy #FathersDay to every kind of dad! https://t.co/Wffax1khBH",0.9392,0.493,0.0,0.507,91
110,CBS,Fri Jun 15 18:48:29 +0000 2018,"Casting Alert! @paulwesley, @DaniaJRamirez &amp; @JamesWolk are set to star in the upcoming CBS All Access psychologica‚Ä¶ https://t.co/JnZMrzT92n",0.3595,0.128,0.0,0.872,90
111,CBS,Thu Jun 14 17:30:00 +0000 2018,"In case you missed it, watch the entire #TonyAwards now: https://t.co/Bm0yNV3Ff3 https://t.co/h3YnFkmSQJ",-0.296,0.0,0.167,0.833,89
112,CBS,Thu Jun 14 16:19:32 +0000 2018,RT @StrangeAngel: Mastermind or maniac? Explore the brilliant mind of Jack Parsons in #StrangeAngel. Now streaming on CBS All Access: https‚Ä¶,0.1779,0.147,0.12,0.734,88
113,CBS,Tue Jun 12 00:19:23 +0000 2018,"No pain, no gain, ALL Hart! Just one month until the premiere of @TKOCBS hosted by @KevinHart4real. https://t.co/C1yMCglxVn",-0.5562,0.134,0.315,0.551,87
114,CBS,Mon Jun 11 22:23:06 +0000 2018,"RT @TheNeighborhood: Welcome to #TheNeighborhood, @BethBehrs! The @2BrokeGirls star returns to @CBS in a new sitcom alongside @CedEntertain‚Ä¶",0.5093,0.171,0.0,0.829,86
115,CBS,Mon Jun 11 19:01:38 +0000 2018,"In case you missed it, watch the entire #TonyAwards now: https://t.co/Bm0yNV3Ff3 https://t.co/3GA5otlcPa",-0.296,0.0,0.167,0.833,85
116,CBS,Mon Jun 11 14:00:37 +0000 2018,How do you know @SaraBareilles and @joshgroban's music? #TonyAwards https://t.co/POMXBORfUT,0.0,0.0,0.0,1.0,84
117,CBS,Mon Jun 11 06:19:36 +0000 2018,Here are all the performances from the 2018 #TonyAwards: https://t.co/gN4ItpFlRd https://t.co/fSMNBXKC9r,0.0,0.0,0.0,1.0,83
118,CBS,Mon Jun 11 06:04:41 +0000 2018,See the complete list of winners from the 2018 #TonyAwards: https://t.co/9XK6CGeber https://t.co/HkUIN4Quej,0.4767,0.22,0.0,0.78,82
119,CBS,Mon Jun 11 03:10:33 +0000 2018,An end to a magical evening. The Band's Visit wins for Best Musical! #TonyAwards https://t.co/ODza97n8YH,0.8478,0.406,0.0,0.594,81
120,CBS,Wed Jun 27 20:31:32 +0000 2018,What‚Äôs summer without @CBSBigBrother? ‚òÄÔ∏è RT if you‚Äôre counting down the hours to the #BB20 premiere TONIGHT at 8/7c‚Ä¶ https://t.co/Xp1s4Fp5J8,0.0,0.0,0.0,1.0,80
121,CBS,Wed Jun 27 14:00:01 +0000 2018,"It looks like you...

(‚Ä¢_‚Ä¢)
( ‚Ä¢_‚Ä¢)&gt;‚åê‚ñ†-‚ñ†
(‚åê‚ñ†_‚ñ†)

Have a lot of TV to watch!

Celebrate #NationalSunglassesDay with H‚Ä¶ https://t.co/Babt4ajIgV",0.7574,0.289,0.0,0.711,79
122,CBS,Mon Jun 25 18:20:25 +0000 2018,The world will finally know the truth. ‚òÑÔ∏è Make sure to tune in to the heart-pounding Season 2 premiere of‚Ä¶ https://t.co/mqMleW90DY,0.5574,0.204,0.0,0.796,78
123,CBS,Fri Jun 22 21:19:06 +0000 2018,Tonight's the night! Don't miss model @ashleygraham on the season finale of Celebrity @undercover_cbs at 8/7c. https://t.co/iBxAOcOF7a,0.1867,0.098,0.0,0.902,77
124,CBS,Fri Jun 22 18:33:53 +0000 2018,"Every day is #TakeYourDogToWorkDay for shows like @HawaiiFive0CBS, @MomCBS, @SEALTeamCBS, and @bigbangtheory! https://t.co/DJaOt1VQcw",0.4199,0.189,0.0,0.811,76
125,CBS,Thu Jun 21 23:29:50 +0000 2018,"Lights, camera, selfie! üì∏¬†Could there be a better photo for #NationalSelfieDay? https://t.co/14Ewx64yKC",0.4926,0.197,0.0,0.803,75
126,CBS,Wed Jun 20 00:39:01 +0000 2018,There‚Äôs nothing quite like watching a contestant win a brand new car on @PriceIsRight. üëè  https://t.co/aKlFikYAMM,0.3555,0.199,0.122,0.68,74
127,CBS,Mon Jun 18 20:27:50 +0000 2018,Time to make your predictions for #BB20! üëè Get to know the @CBSBigBrother Houseguests before the big premiere next‚Ä¶ https://t.co/jlpIchJ9sk,0.0,0.0,0.0,1.0,73
128,CBS,Mon Jun 18 15:00:46 +0000 2018,RT @CBSBigBrother: Meet the cast of #BB20... before anyone else! Start streaming all their live interviews beginning at 11am EST/8am PST on‚Ä¶,0.0,0.0,0.0,1.0,72
129,CBS,Sun Jun 17 13:00:01 +0000 2018,"Today and every day we celebrate their love, guidance, and support. Happy #FathersDay to every kind of dad! https://t.co/Wffax1khBH",0.9392,0.493,0.0,0.507,71
130,CBS,Fri Jun 15 18:48:29 +0000 2018,"Casting Alert! @paulwesley, @DaniaJRamirez &amp; @JamesWolk are set to star in the upcoming CBS All Access psychologica‚Ä¶ https://t.co/JnZMrzT92n",0.3595,0.128,0.0,0.872,70
131,CBS,Thu Jun 14 17:30:00 +0000 2018,"In case you missed it, watch the entire #TonyAwards now: https://t.co/Bm0yNV3Ff3 https://t.co/h3YnFkmSQJ",-0.296,0.0,0.167,0.833,69
132,CBS,Thu Jun 14 16:19:32 +0000 2018,RT @StrangeAngel: Mastermind or maniac? Explore the brilliant mind of Jack Parsons in #StrangeAngel. Now streaming on CBS All Access: https‚Ä¶,0.1779,0.147,0.12,0.734,68
133,CBS,Tue Jun 12 00:19:23 +0000 2018,"No pain, no gain, ALL Hart! Just one month until the premiere of @TKOCBS hosted by @KevinHart4real. https://t.co/C1yMCglxVn",-0.5562,0.134,0.315,0.551,67
134,CBS,Mon Jun 11 22:23:06 +0000 2018,"RT @TheNeighborhood: Welcome to #TheNeighborhood, @BethBehrs! The @2BrokeGirls star returns to @CBS in a new sitcom alongside @CedEntertain‚Ä¶",0.5093,0.171,0.0,0.829,66
135,CBS,Mon Jun 11 19:01:38 +0000 2018,"In case you missed it, watch the entire #TonyAwards now: https://t.co/Bm0yNV3Ff3 https://t.co/3GA5otlcPa",-0.296,0.0,0.167,0.833,65
136,CBS,Mon Jun 11 14:00:37 +0000 2018,How do you know @SaraBareilles and @joshgroban's music? #TonyAwards https://t.co/POMXBORfUT,0.0,0.0,0.0,1.0,64
137,CBS,Mon Jun 11 06:19:36 +0000 2018,Here are all the performances from the 2018 #TonyAwards: https://t.co/gN4ItpFlRd https://t.co/fSMNBXKC9r,0.0,0.0,0.0,1.0,63
138,CBS,Mon Jun 11 06:04:41 +0000 2018,See the complete list of winners from the 2018 #TonyAwards: https://t.co/9XK6CGeber https://t.co/HkUIN4Quej,0.4767,0.22,0.0,0.78,62
139,CBS,Mon Jun 11 03:10:33 +0000 2018,An end to a magical evening. The Band's Visit wins for Best Musical! #TonyAwards https://t.co/ODza97n8YH,0.8478,0.406,0.0,0.594,61
140,CBS,Mon Jun 11 03:02:06 +0000 2018,Congratulations are in order for @TheKatrinaLenk! She just won for Best Leading Actress in a Musical. #TonyAwards https://t.co/t9bNvpiEmH,0.92,0.463,0.0,0.537,60
141,CBS,Mon Jun 11 02:58:30 +0000 2018,"RT @CBSThisMorning: Hmm... something seems off here @SaraBareilles @JoshGroban. üòÇ

@WaitressMusical @GreatCometBway #TonyAwards https://t.c‚Ä¶",0.4404,0.175,0.088,0.737,59
142,CBS,Mon Jun 11 02:56:40 +0000 2018,RT @_stobin13: watching the #TonyAwards after going to 3 broadway shows this weekend makes it even better üòçü§©,0.4404,0.153,0.0,0.847,58
143,CBS,Mon Jun 11 02:56:10 +0000 2018,Tony Shalhoub wins Best Leading Actor in a Musical. #TonyAwards   #TheBandsVisit https://t.co/KcUDSicKI5,0.836,0.467,0.0,0.533,57
144,CBS,Mon Jun 11 02:53:00 +0000 2018,The Boss looks right at home on the #TonyAwards stage! https://t.co/pwjv4iydkn,0.0,0.0,0.0,1.0,56
145,CBS,Mon Jun 11 02:47:29 +0000 2018,RT @Aatamianphoto: Springsteen is on the #TonyAwards and I love it.,0.6369,0.318,0.0,0.682,55
146,CBS,Mon Jun 11 02:44:50 +0000 2018,Inspiration: Get to your YES! #OnceOnThisIsland #TonyAwards https://t.co/Wjp0QIWfXq,0.7978,0.543,0.0,0.457,54
147,CBS,Mon Jun 11 02:44:37 +0000 2018,The feeling when you win a Tony. üôå¬†Congratulations to Once on This Island for winning Best Revival of a Musical!‚Ä¶ https://t.co/UpFCqgBTwh,0.9523,0.516,0.0,0.484,53
148,CBS,Mon Jun 11 02:33:09 +0000 2018,What a beautiful performance by the cast of #TheBandsVisit. #TonyAwards https://t.co/4Hw96kZvrf,0.5994,0.302,0.0,0.698,52
149,CBS,Mon Jun 11 02:29:18 +0000 2018,"""I'm a living example of how theatre can change you - and it didn't just change me, it saved me."" @JohnLeguizamo at‚Ä¶ https://t.co/4ICwMhb6hv",0.4215,0.123,0.0,0.877,51
150,CBS,Mon Jun 11 02:23:56 +0000 2018,Angels in America takes the win for Best Revival of a Play! #TonyAwards https://t.co/zodW61tw8a,0.8932,0.517,0.0,0.483,50
151,CBS,Mon Jun 11 02:21:03 +0000 2018,"RT @leahableson: The Once On This Island Goat And Chicken made it to the broadcast, Mama WILL provide #TonyAwards",0.0,0.0,0.0,1.0,49
152,CBS,Mon Jun 11 02:16:06 +0000 2018,That performance was the GOAT. #TonyAwards https://t.co/mtoU92HipQ,0.0,0.0,0.0,1.0,48
153,CBS,Mon Jun 11 02:11:03 +0000 2018,Harry Potter and the Cursed Child wins Best Play at the #TonyAwards! @HPPlayNYC https://t.co/WIqJQmtAlN,0.8908,0.491,0.0,0.509,47
154,CBS,Mon Jun 11 02:05:47 +0000 2018,üé∂ ‚ÄúLet's dance this last dance tonight.‚Äù üé∂ #TonyAwards #DonnaSummerMusical https://t.co/UAIaglChfv,0.0,0.0,0.0,1.0,46
155,CBS,Mon Jun 11 02:03:31 +0000 2018,Hope he brought enough birthday cake for everyone! #TonyAwards https://t.co/FlLbKV6oj8,0.4926,0.262,0.0,0.738,45
156,CBS,Mon Jun 11 01:58:48 +0000 2018,@writerlindsayb You're welcome! #TonyAwards,0.5093,0.523,0.0,0.477,44
157,CBS,Mon Jun 11 01:53:17 +0000 2018,RT @hjmayer8: I sure do love @DearEvanHansen üíô #TonyAwards,0.7579,0.481,0.0,0.519,43
158,CBS,Mon Jun 11 01:51:16 +0000 2018,"RT @Valerie4815: What a birthday present, the Tony audience singing happy birthday to you!! #TonyAwards",0.6467,0.248,0.0,0.752,42
159,CBS,Mon Jun 11 01:38:23 +0000 2018,If only this performance could go on forever. #TonyAwards @FrozenBroadway https://t.co/p2BMUvyTxr,0.0,0.0,0.0,1.0,41
160,CBS,Mon Jun 11 01:37:36 +0000 2018,RT @anna_villanueva: Magnificent performance from the cast of @FrozenBroadway! #TonyAwards2018 #TonyAwards #Tonys,0.636,0.276,0.0,0.724,40
161,CBS,Mon Jun 11 01:30:56 +0000 2018,Glenda Jackson wins Best Leading Actress in a Play. #TonyAwards @threetallwomen https://t.co/GRp1gcBuiW,0.8834,0.563,0.0,0.437,39
162,CBS,Mon Jun 11 01:29:21 +0000 2018,.@SaraBareilles is totally a Gryffindor. #TonyAwards https://t.co/OPQ7esk2dn,0.0,0.0,0.0,1.0,38
163,CBS,Mon Jun 11 01:26:03 +0000 2018,RT @IzzyNY202: How impressive are these Marjory Stoneman Douglas students? That #TonyAwards performance reduced me to tears. Amazing.,0.7351,0.296,0.079,0.625,37
164,CBS,Mon Jun 11 01:25:59 +0000 2018,RT @KatLargent: MAGIC #TonyAwards,0.0,0.0,0.0,1.0,36
165,CBS,Mon Jun 11 01:24:46 +0000 2018,Such a touching moment at the #TonyAwards. ‚ù§Ô∏è https://t.co/4kJWTHVPZ8,0.0,0.0,0.0,1.0,35
166,CBS,Mon Jun 11 01:24:12 +0000 2018,.@Matt_Morrison welcomes the Marjory Stoneman Douglas High School theatre department to the stage. #TonyAwards https://t.co/5dxa9smeka,0.4019,0.162,0.0,0.838,34
167,CBS,Mon Jun 11 01:19:59 +0000 2018,So many feels at the #TonyAwards. Congratulations to @arielstachel for winning Best Featured Actor in a Musical!‚Ä¶ https://t.co/m1aRNIHPRK,0.9151,0.457,0.0,0.543,33
168,CBS,Mon Jun 11 01:12:31 +0000 2018,RT @McBenefit: I love everything about you @UzoAduba. #TonyAwards,0.6369,0.375,0.0,0.625,32
169,CBS,Mon Jun 11 01:08:28 +0000 2018,RT if that musical number by the cast of Carousel blew you away! #TonyAwards https://t.co/CMzMNtcAQO,0.1511,0.102,0.0,0.898,31
170,CBS,Mon Jun 11 01:08:24 +0000 2018,Nathan Lane saw his #AngelsinAmerica role as a challenge. How will you challenge yourself in 2018? #TonyAwards https://t.co/3WXd6AqgBi,0.1531,0.148,0.0,0.852,30
171,CBS,Mon Jun 11 01:02:47 +0000 2018,Nathan Lane wins Best Featured Actor in a Play. #TonyAwards @angelsbway https://t.co/xc8M7JtLDE,0.8834,0.563,0.0,0.437,29
172,CBS,Mon Jun 11 00:58:06 +0000 2018,üåü¬†@joshgroban and @SaraBareilles are Host Goals. üåü #TonyAwards https://t.co/OGQec8cXJ6,0.0,0.0,0.0,1.0,28
173,CBS,Mon Jun 11 00:52:34 +0000 2018,RT @adub369: This is unbelievable! @SaraBareilles and @joshgroban #TonyAwards,0.2714,0.207,0.0,0.793,27
174,CBS,Mon Jun 11 00:51:11 +0000 2018,Who lives in a pineapple and just performed at The Tonys? üççüé∂ The cast of SpongeBob SquarePants: The Musical!‚Ä¶ https://t.co/mvFxdh9UJi,0.0,0.0,0.0,1.0,26
175,CBS,Mon Jun 11 00:50:18 +0000 2018,‚ú® @LindsayMendez wins Best Featured Actress in a Musical! #TonyAwards @carouselbway https://t.co/MtgFowscN5,0.8883,0.567,0.0,0.433,25
176,CBS,Mon Jun 11 00:45:14 +0000 2018,A big congratulations to @springsteen for his Special Tony award! ‚ú®¬†#TonyAwards https://t.co/i16u8uv9aT,0.9134,0.613,0.0,0.387,24
177,CBS,Mon Jun 11 00:44:36 +0000 2018,Can the 73rd annual #TonyAwards just be three-hours of @TitussBurgess? https://t.co/3rCZwwTUtv,0.0,0.0,0.0,1.0,23
178,CBS,Mon Jun 11 00:35:41 +0000 2018,"RT @CBSThisMorning: ""We know there are a lot of you out there who have photos of yourself in school plays or community theater."" Post your‚Ä¶",0.25,0.08,0.0,0.92,22
179,CBS,Mon Jun 11 00:34:45 +0000 2018,Keep your acceptance speeches short or else the #TonyAwards will get the angels involved. #AngelsInAmerica üëº https://t.co/oznhezRzDc,0.4588,0.15,0.0,0.85,21
180,CBS,Mon Jun 11 00:31:28 +0000 2018,"If you haven't started singing, you will be the rest of the night. #TonyAwards #MyFairLady https://t.co/jbGXwnru8N",0.0,0.0,0.0,1.0,20
181,CBS,Mon Jun 11 00:27:42 +0000 2018,RT @marialena_rago: I like this opener for @MyFairLadyBway #TonyAwards,0.3612,0.263,0.0,0.737,19
182,CBS,Mon Jun 11 00:27:00 +0000 2018,Laurie Metcalf wins Best Featured Actress in a Play! #TonyAwards @threetallwomen https://t.co/y4teyJaRPs,0.8908,0.57,0.0,0.43,18
183,CBS,Mon Jun 11 00:24:31 +0000 2018,Tina Fey has a boat?? #MeanGirls #TonyAwards https://t.co/phYxmHMd3d,0.0,0.0,0.0,1.0,17
184,CBS,Mon Jun 11 00:22:15 +0000 2018,Representing the hardest-working men and women in Broadway‚Ä¶¬†ensemble members from every nominated musical tonight!‚Ä¶ https://t.co/imlEEnOUla,0.0,0.0,0.0,1.0,16
185,CBS,Mon Jun 11 00:22:15 +0000 2018,RT @misschae: I love theatre so much. #TonyAwards,0.6369,0.412,0.0,0.588,15
186,CBS,Mon Jun 11 00:18:16 +0000 2018,On Wednesdays they wear pink and on Sundays they perform at the #TonyAwards. üíï Who thought that performance by the‚Ä¶ https://t.co/w7QDkaX6kF,0.0,0.0,0.0,1.0,14
187,CBS,Mon Jun 11 00:13:27 +0000 2018,"RT @MichaelJMoritz: ""We are all made perfectly and we all belong‚Äù - Andrew Garfield #TonyAwards",0.6369,0.244,0.0,0.756,13
188,CBS,Mon Jun 11 00:12:31 +0000 2018,Andrew Garfield wins Best Leading Actor in a Play. #TonyAwards @angelsbway https://t.co/s2VQnw6IPP,0.8834,0.563,0.0,0.437,12
189,CBS,Mon Jun 11 00:06:39 +0000 2018,"RT @nightingalen: Love this opening song! @joshgroban
@SaraBarreilles 
#TonyAwards",0.6696,0.36,0.0,0.64,11
190,CBS,Mon Jun 11 00:04:15 +0000 2018,‚ú® @joshgroban and @SaraBareilles take the stage to begin an unforgettable evening. #TonyAwards https://t.co/y9uzlK2DzO,0.3182,0.15,0.0,0.85,10
191,CBS,Sun Jun 10 23:59:00 +0000 2018,Grab your popcorn... it's time for the #TonyAwards! Go and stream the entire show now: https://t.co/Wo1algQHix https://t.co/JGYTk4NPDN,0.0,0.0,0.0,1.0,9
192,CBS,Sun Jun 10 23:18:15 +0000 2018,‚ú® @thegoodfight's Christine Baranski has arrived on the #TonyAwards red carpet! Watch LIVE at 8/7c on CBS! https://t.co/XnXAnPtRrc,0.4374,0.145,0.0,0.855,8
193,CBS,Sun Jun 10 22:01:25 +0000 2018,"The hosts have arrived! We're LIVE with @SaraBareilles, @joshgroban and more on the #TonyAwards red carpet hosted b‚Ä¶ https://t.co/NtarbgywLe",0.0,0.0,0.0,1.0,7
194,CBS,Sun Jun 10 15:00:01 +0000 2018,Tonight's the night! Join @etnow's @DDirecto on the #TonyAwards' red carpet starting at 5PM ET! https://t.co/hZLOSiIRAT,0.4184,0.157,0.0,0.843,6
195,CBS,Sat Jun 09 21:00:02 +0000 2018,These two know a thing or two about awards! Watch them light up the stage tomorrow at the #TonyAwards. ‚ú® https://t.co/KHVZp65oLS,0.68,0.237,0.0,0.763,5
196,CBS,Sat Jun 09 16:00:00 +0000 2018,Here's everything you need to know before watching the #TonyAwards this Sunday at 8/7c: https://t.co/jcRgNGmLUZ https://t.co/8suUhVPFK6,0.0,0.0,0.0,1.0,4
197,CBS,Fri Jun 08 19:46:17 +0000 2018,Join @etnow's @DDirecto this Sunday on the #TonyAwards' red carpet. https://t.co/7jS8g10KmY,0.296,0.18,0.0,0.82,3
198,CBS,Fri Jun 08 15:00:03 +0000 2018,Here's @laChanze with a reminder that you can stream the #TonyAwards this Sunday on CBS All Access! https://t.co/8TDEXzKmyQ,0.0,0.0,0.0,1.0,2
199,CBS,Fri Jun 08 13:58:15 +0000 2018,"We all get by with a little help from our friends, so what better way to celebrate #NationalBestFriendsDay than to‚Ä¶ https://t.co/pIZezbBwaT",0.9078,0.436,0.0,0.564,1
200,CNN,Thu Jun 28 00:23:38 +0000 2018,"Money isn't everything in a political race ‚Äúif you really understand your community,"" Alexandria Ocasio-Cortez says‚Ä¶ https://t.co/aYylUfAQuq",0.0,0.0,0.0,1.0,100
201,CNN,Thu Jun 28 00:00:05 +0000 2018,Senate Democrats are powerless to stop Trump SCOTUS pick https://t.co/wR3A8bDIJj | Analysis by Chris Cillizza https://t.co/XoMCpBzzJa,-0.6597,0.0,0.293,0.707,99
202,CNN,Wed Jun 27 23:44:06 +0000 2018,"Ben Jealous, a former NAACP leader endorsed by Bernie Sanders, moved a step closer to becoming Maryland's first bla‚Ä¶ https://t.co/2jUyBLvNIe",-0.25,0.095,0.143,0.762,98
203,CNN,Wed Jun 27 23:37:04 +0000 2018,"The Netherlands is banning face coverings, including burqas and niqabs, in public spaces such as schools, hospitals‚Ä¶ https://t.co/VkwfiLLjXe",0.0,0.0,0.0,1.0,97
204,CNN,Wed Jun 27 23:30:11 +0000 2018,Google's eerily human phone bot is ready for the real world https://t.co/Y5dD19nsZR,0.3612,0.185,0.0,0.815,96
205,CNN,Wed Jun 27 23:23:05 +0000 2018,Beer is being rationed in the UK because of a shortage of carbon dioxide https://t.co/K56oMw0jBP,-0.25,0.0,0.133,0.867,95
206,CNN,Wed Jun 27 23:16:46 +0000 2018,"Report highlights gender discrimination, lack of female representation in Justice Department https://t.co/BjDzDUUb9d https://t.co/OvyJmlPnJK",0.2732,0.204,0.138,0.659,94
207,CNN,Wed Jun 27 23:07:51 +0000 2018,"Trump ""has been the one that has caused what we see happening today where people are trying to push back on his pol‚Ä¶ https://t.co/X3vBWK988W",0.0,0.0,0.0,1.0,93
208,CNN,Wed Jun 27 22:56:00 +0000 2018,"Trump ""has been the one that has caused what we see happening today where people are trying to push back on his pol‚Ä¶ https://t.co/zDfrHdUigV",0.0,0.0,0.0,1.0,92
209,CNN,Wed Jun 27 22:49:41 +0000 2018,"When one of his customers was choking, this Chick-fil-A employee stepped in to save him https://t.co/zrAZWw7NNB https://t.co/ULfqKipgDB",0.0516,0.151,0.142,0.708,91
210,CNN,Wed Jun 27 22:42:28 +0000 2018,Boeing's hypersonic passenger plane could get you from New York to London in 2 hours https://t.co/eqgR0d4td7 https://t.co/TQMnwnbR5Y,0.0,0.0,0.0,1.0,90
211,CNN,Wed Jun 27 22:35:09 +0000 2018,"In the 9 months leading up to this weekend's presidential election in Mexico, 130 candidates have been killed‚Ä¶ https://t.co/8bTYXy45eK",0.0,0.0,0.0,1.0,89
212,CNN,Wed Jun 27 22:28:00 +0000 2018,"The Supreme Court ‚Äúshould be made up of people who can base their decisions on the law, the facts, precedent, and u‚Ä¶ https://t.co/GU0B9jSyAn",0.5574,0.141,0.0,0.859,88
213,CNN,Wed Jun 27 22:21:47 +0000 2018,"Marrying a Syrian means breaking up with America, writes Anna Lekas Miller for @CNNOpinion https://t.co/I59xCsE5pp https://t.co/1PEt45Z5yg",0.0,0.0,0.0,1.0,87
214,CNN,Wed Jun 27 22:12:55 +0000 2018,"Secretary of State Mike Pompeo tells US lawmakers that North Korea remains a nuclear threat, but defends President‚Ä¶ https://t.co/SEujGpN7RL",-0.296,0.0,0.115,0.885,86
215,CNN,Wed Jun 27 22:02:00 +0000 2018,"""Every time I'm talking with my mom, and she gives the phone to my baby brother, he doesn't know who I am.""

After‚Ä¶ https://t.co/7L2mOZu40d",0.0,0.0,0.0,1.0,85
216,CNN,Wed Jun 27 21:55:04 +0000 2018,"Broward County, where the Parkland attack happened, votes to put armed personnel in every school‚Ä¶ https://t.co/tkE3SSn5MK",-0.4767,0.0,0.171,0.829,84
217,CNN,Wed Jun 27 21:48:08 +0000 2018,"President Trump: When considering tariffs, think like a Harley-Davidson rider https://t.co/YytoocOaPb (via‚Ä¶ https://t.co/NVgkt4rF0l",0.3612,0.185,0.0,0.815,83
218,CNN,Wed Jun 27 21:41:06 +0000 2018,"November is going to be a referendum on Trump, writes Errol Louis for @CNNOpinion https://t.co/xaQHAlTLG4 https://t.co/lAfobHCpZe",0.0,0.0,0.0,1.0,82
219,CNN,Wed Jun 27 21:34:07 +0000 2018,Migrant rescue ship Lifeline to dock in Malta after being stranded for 5 days in the Mediterranean‚Ä¶ https://t.co/I42dGGKx3t,0.5106,0.171,0.0,0.829,81
220,CNN,Thu Jun 28 00:23:38 +0000 2018,"Money isn't everything in a political race ‚Äúif you really understand your community,"" Alexandria Ocasio-Cortez says‚Ä¶ https://t.co/aYylUfAQuq",0.0,0.0,0.0,1.0,80
221,CNN,Thu Jun 28 00:00:05 +0000 2018,Senate Democrats are powerless to stop Trump SCOTUS pick https://t.co/wR3A8bDIJj | Analysis by Chris Cillizza https://t.co/XoMCpBzzJa,-0.6597,0.0,0.293,0.707,79
222,CNN,Wed Jun 27 23:44:06 +0000 2018,"Ben Jealous, a former NAACP leader endorsed by Bernie Sanders, moved a step closer to becoming Maryland's first bla‚Ä¶ https://t.co/2jUyBLvNIe",-0.25,0.095,0.143,0.762,78
223,CNN,Wed Jun 27 23:37:04 +0000 2018,"The Netherlands is banning face coverings, including burqas and niqabs, in public spaces such as schools, hospitals‚Ä¶ https://t.co/VkwfiLLjXe",0.0,0.0,0.0,1.0,77
224,CNN,Wed Jun 27 23:30:11 +0000 2018,Google's eerily human phone bot is ready for the real world https://t.co/Y5dD19nsZR,0.3612,0.185,0.0,0.815,76
225,CNN,Wed Jun 27 23:23:05 +0000 2018,Beer is being rationed in the UK because of a shortage of carbon dioxide https://t.co/K56oMw0jBP,-0.25,0.0,0.133,0.867,75
226,CNN,Wed Jun 27 23:16:46 +0000 2018,"Report highlights gender discrimination, lack of female representation in Justice Department https://t.co/BjDzDUUb9d https://t.co/OvyJmlPnJK",0.2732,0.204,0.138,0.659,74
227,CNN,Wed Jun 27 23:07:51 +0000 2018,"Trump ""has been the one that has caused what we see happening today where people are trying to push back on his pol‚Ä¶ https://t.co/X3vBWK988W",0.0,0.0,0.0,1.0,73
228,CNN,Wed Jun 27 22:56:00 +0000 2018,"Trump ""has been the one that has caused what we see happening today where people are trying to push back on his pol‚Ä¶ https://t.co/zDfrHdUigV",0.0,0.0,0.0,1.0,72
229,CNN,Wed Jun 27 22:49:41 +0000 2018,"When one of his customers was choking, this Chick-fil-A employee stepped in to save him https://t.co/zrAZWw7NNB https://t.co/ULfqKipgDB",0.0516,0.151,0.142,0.708,71
230,CNN,Wed Jun 27 22:42:28 +0000 2018,Boeing's hypersonic passenger plane could get you from New York to London in 2 hours https://t.co/eqgR0d4td7 https://t.co/TQMnwnbR5Y,0.0,0.0,0.0,1.0,70
231,CNN,Wed Jun 27 22:35:09 +0000 2018,"In the 9 months leading up to this weekend's presidential election in Mexico, 130 candidates have been killed‚Ä¶ https://t.co/8bTYXy45eK",0.0,0.0,0.0,1.0,69
232,CNN,Wed Jun 27 22:28:00 +0000 2018,"The Supreme Court ‚Äúshould be made up of people who can base their decisions on the law, the facts, precedent, and u‚Ä¶ https://t.co/GU0B9jSyAn",0.5574,0.141,0.0,0.859,68
233,CNN,Wed Jun 27 22:21:47 +0000 2018,"Marrying a Syrian means breaking up with America, writes Anna Lekas Miller for @CNNOpinion https://t.co/I59xCsE5pp https://t.co/1PEt45Z5yg",0.0,0.0,0.0,1.0,67
234,CNN,Wed Jun 27 22:12:55 +0000 2018,"Secretary of State Mike Pompeo tells US lawmakers that North Korea remains a nuclear threat, but defends President‚Ä¶ https://t.co/SEujGpN7RL",-0.296,0.0,0.115,0.885,66
235,CNN,Wed Jun 27 22:02:00 +0000 2018,"""Every time I'm talking with my mom, and she gives the phone to my baby brother, he doesn't know who I am.""

After‚Ä¶ https://t.co/7L2mOZu40d",0.0,0.0,0.0,1.0,65
236,CNN,Wed Jun 27 21:55:04 +0000 2018,"Broward County, where the Parkland attack happened, votes to put armed personnel in every school‚Ä¶ https://t.co/tkE3SSn5MK",-0.4767,0.0,0.171,0.829,64
237,CNN,Wed Jun 27 21:48:08 +0000 2018,"President Trump: When considering tariffs, think like a Harley-Davidson rider https://t.co/YytoocOaPb (via‚Ä¶ https://t.co/NVgkt4rF0l",0.3612,0.185,0.0,0.815,63
238,CNN,Wed Jun 27 21:41:06 +0000 2018,"November is going to be a referendum on Trump, writes Errol Louis for @CNNOpinion https://t.co/xaQHAlTLG4 https://t.co/lAfobHCpZe",0.0,0.0,0.0,1.0,62
239,CNN,Wed Jun 27 21:34:07 +0000 2018,Migrant rescue ship Lifeline to dock in Malta after being stranded for 5 days in the Mediterranean‚Ä¶ https://t.co/I42dGGKx3t,0.5106,0.171,0.0,0.829,61
240,CNN,Wed Jun 27 21:27:04 +0000 2018,"When one of his customers was choking, this Chick-fil-A employee stepped in to save him https://t.co/48G98T9vMe https://t.co/1y9RX8QOTG",0.0516,0.151,0.142,0.708,60
241,CNN,Wed Jun 27 21:20:06 +0000 2018,"Meet Alexandria Ocasio-Cortez, the 28-year-old Latina and Democratic socialist who is now a new face for the Democr‚Ä¶ https://t.co/EnfaxwgKvZ",0.0,0.0,0.0,1.0,59
242,CNN,Wed Jun 27 21:13:03 +0000 2018,Here's everything you need to know about tonight's Strawberry Moon https://t.co/X51oi9eWCg https://t.co/HwR8rcSMEm,0.0,0.0,0.0,1.0,58
243,CNN,Wed Jun 27 21:06:07 +0000 2018,A man who couldn't swim sacrifices his life to save a boy from drowning https://t.co/WZcEuIuPkZ https://t.co/cFfikmBGY4,0.4939,0.198,0.0,0.802,57
244,CNN,Wed Jun 27 20:59:08 +0000 2018,Why I'm burying a beer can in the backyard https://t.co/QaDmBv89Dg (via @CNNOpinion) https://t.co/QjtqRjVc45,0.0,0.0,0.0,1.0,56
245,CNN,Wed Jun 27 20:52:05 +0000 2018,Could life exist on Saturn's moon Enceladus? https://t.co/zOZbFyHXy5 https://t.co/tjHGMOnDQB,0.0,0.0,0.0,1.0,55
246,CNN,Wed Jun 27 20:45:05 +0000 2018,Texas steel pipe manufacturer becomes casualty of President Trump's trade war https://t.co/GOaXARleoc https://t.co/WKs6n7eZFV,-0.8074,0.0,0.399,0.601,54
247,CNN,Wed Jun 27 20:38:11 +0000 2018,Senate Judiciary Chairman Chuck Grassley dismisses calls by Democrats to punt on a Supreme Court nominee until afte‚Ä¶ https://t.co/2B6PN5vYOD,0.5574,0.175,0.0,0.825,53
248,CNN,Wed Jun 27 20:26:00 +0000 2018,"Democratic congressional candidate Alexandria Ocasio-Cortez endorses New York gubernatorial hopeful Cynthia Nixon,‚Ä¶ https://t.co/CflSvxUXkE",0.6908,0.341,0.0,0.659,52
249,CNN,Wed Jun 27 20:19:05 +0000 2018,Democratic Sen. Dianne Feinstein urges Congress to wait until after the midterm elections to select a replacement f‚Ä¶ https://t.co/Wgnd7tE6op,0.0,0.0,0.0,1.0,51
250,CNN,Wed Jun 27 20:12:04 +0000 2018,Justice Anthony Kennedy's retirement just confirmed every Republican's dream scenario for President Trump‚Ä¶ https://t.co/Hyc8OoSgai,0.6597,0.31,0.0,0.69,50
251,CNN,Wed Jun 27 20:05:08 +0000 2018,Senate Majority Leader Mitch McConnell says his chamber will work to replace Justice Anthony Kennedy before the mid‚Ä¶ https://t.co/hTIcbbfWmh,0.5267,0.159,0.0,0.841,49
252,CNN,Wed Jun 27 19:56:04 +0000 2018,These are potential Supreme Court nominees that could replace Justice Kennedy https://t.co/6zYySjh2dJ https://t.co/0en7ks7H7U,0.7906,0.389,0.0,0.611,48
253,CNN,Wed Jun 27 19:49:06 +0000 2018,"""They are conservative ideologues, not mainstream jurists. We cannot and will not accept them to serve on the highe‚Ä¶ https://t.co/1MbxoP3I2A",-0.2924,0.0,0.103,0.897,47
254,CNN,Wed Jun 27 19:42:00 +0000 2018,"""Our Republican colleagues in the Senate should follow the rule they set in 2016 ‚Äî not to consider a Supreme Court‚Ä¶ https://t.co/hLVPGqvI4b",-0.4449,0.0,0.133,0.867,46
255,CNN,Wed Jun 27 19:35:06 +0000 2018,Read Justice Anthony Kennedy's retirement letter to President Trump https://t.co/ayuwi97MR2 https://t.co/xlWFrpWZaB,0.5267,0.254,0.0,0.746,45
256,CNN,Wed Jun 27 19:28:41 +0000 2018,"Republican Sen. Chuck Grassley hails Justice Kennedy's service, saying he is a ""staunch defender of First Amendment‚Ä¶ https://t.co/X1AXlSA5i8",0.5859,0.242,0.0,0.758,44
257,CNN,Wed Jun 27 19:21:09 +0000 2018,Democratic Sen. Dick Durbin has called on the Senate to wait to consider Trump's nominee to replace Justice Kennedy‚Ä¶ https://t.co/MCnrcADQS6,0.0258,0.138,0.134,0.729,43
258,CNN,Wed Jun 27 19:14:06 +0000 2018,"""Now we‚Äôll have to find a worthy successor."" Republican Sen. Lindsey Graham says President Trump has a lot of ""good‚Ä¶ https://t.co/h6wPu3lo2G",0.4404,0.139,0.0,0.861,42
259,CNN,Wed Jun 27 19:07:00 +0000 2018,President Trump says he has a list of 25 people that will be considered to replace Justice Anthony Kennedy on the S‚Ä¶ https://t.co/pzUY6F4e9W,0.5267,0.139,0.0,0.861,41
260,CNN,Wed Jun 27 19:00:01 +0000 2018,"""He‚Äôs been a great justice of the Supreme Court."" President Trump took a few moments to address the retirement of S‚Ä¶ https://t.co/222pifAMgX",0.9022,0.395,0.0,0.605,40
261,CNN,Wed Jun 27 18:53:00 +0000 2018,"""We will vote to confirm Justice Kennedy's successor this fall,"" says Majority Leader Sen. Mitch McConnell after Ju‚Ä¶ https://t.co/jjzm56eBil",0.6486,0.238,0.0,0.762,39
262,CNN,Wed Jun 27 18:47:08 +0000 2018,"President Trump will push for the swift confirmation of a Supreme Court justice ""before the midterm elections,"" a s‚Ä¶ https://t.co/GoJKdqOTN5",0.8316,0.37,0.0,0.63,38
263,CNN,Wed Jun 27 18:40:05 +0000 2018,Here's a brief timeline of Justice Anthony Kennedy's key Supreme Court decisions https://t.co/0k0RUeFosd https://t.co/282cDaGB6d,0.7906,0.389,0.0,0.611,37
264,CNN,Wed Jun 27 18:29:30 +0000 2018,A Japanese spacecraft has reached a diamond-shaped asteroid three years after setting off on its mission to learn a‚Ä¶ https://t.co/XJLb6zE2NH,0.1027,0.076,0.0,0.924,36
265,CNN,Wed Jun 27 18:20:00 +0000 2018,Anthony Kennedy's decision to step down from the Supreme Court gives President Trump a second opportunity to nomina‚Ä¶ https://t.co/UqUIT7CLb7,0.7506,0.286,0.0,0.714,35
266,CNN,Wed Jun 27 18:15:49 +0000 2018,House Democrats are in shock as they assess what Joe Crowley's loss to a 28-year-old political newcomer means for l‚Ä¶ https://t.co/B3auAMM2Bl,-0.5994,0.0,0.214,0.786,34
267,CNN,Wed Jun 27 18:05:00 +0000 2018,"BREAKING: Justice Anthony Kennedy, a conservative who provided key votes for same sex-marriage, abortion access and‚Ä¶ https://t.co/p9Jn6p6BL2",0.5267,0.185,0.0,0.815,33
268,CNN,Wed Jun 27 17:58:44 +0000 2018,"JUST IN: House overwhelmingly rejects Republican immigration bill, despite last-minute push by President Trump to s‚Ä¶ https://t.co/6lHY4YY0Yp",-0.5719,0.0,0.239,0.761,32
269,CNN,Wed Jun 27 17:48:12 +0000 2018,This Colorado Democrat could become first openly gay man elected governor in US https://t.co/hgiOXjsOUB https://t.co/H6aSP5gMYo,0.0,0.0,0.0,1.0,31
270,CNN,Wed Jun 27 17:38:05 +0000 2018,"Here's what we've learned about 'Oumuamua, the cigar-shaped interstellar visitor that was spotted in October tumbli‚Ä¶ https://t.co/MgMOwK1wWc",0.0,0.0,0.0,1.0,30
271,CNN,Wed Jun 27 17:23:43 +0000 2018,"A funeral was held for Junior Guzman-Feliz, a 15-year-old killed in a gang stabbing in New York last week that has‚Ä¶ https://t.co/HADmIUGcnh",-0.7906,0.0,0.292,0.708,29
272,CNN,Wed Jun 27 17:09:19 +0000 2018,What does America's falling birth rate mean for the economy? Just look at Arizona https://t.co/Oy7GT3RhoB https://t.co/xE4NFTGRLL,-0.1531,0.0,0.096,0.904,28
273,CNN,Wed Jun 27 16:54:10 +0000 2018,"In a six-day span, only six children were reunited with their families after being separated at the US border. More‚Ä¶ https://t.co/zEFZtN4Gg4",0.0,0.0,0.0,1.0,27
274,CNN,Wed Jun 27 16:41:01 +0000 2018,"A federal grand jury indicted the suspect behind last summer's deadly vehicle incident in Charlottesville, Virginia‚Ä¶ https://t.co/B9BJhAMrU3",0.2023,0.156,0.115,0.729,26
275,CNN,Wed Jun 27 16:29:53 +0000 2018,"BREAKING: Joe Jackson, the patriarch who launched the Jackson family dynasty, has died, a source close to the famil‚Ä¶ https://t.co/WefGb7Q7gb",-0.4767,0.068,0.163,0.769,25
276,CNN,Wed Jun 27 16:23:30 +0000 2018,"President Trump is speaking at a White House event after the Supreme Court's union ruling 

Watch live: https://t.co/T3E0vuOqsj",0.5574,0.184,0.0,0.816,24
277,CNN,Wed Jun 27 16:14:31 +0000 2018,Changes to a 16th-century polychrome statue of San Jorge (St George) provoked anger among some art experts and inev‚Ä¶ https://t.co/gj2iwiHKxA,-0.7003,0.0,0.254,0.746,23
278,CNN,Wed Jun 27 16:00:24 +0000 2018,"A 6-year-old's lemonade stand helped raise $13,000 for separated migrant families https://t.co/UjkonfhV3X https://t.co/gV1W52XK3y",0.0,0.0,0.0,1.0,22
279,CNN,Wed Jun 27 15:47:55 +0000 2018,"Senate Majority Leader Mitch McConnell says the win by Alexandria Ocasio-Cortez, a 28-year-old running her first ca‚Ä¶ https://t.co/OZDGwAhTJe",0.5859,0.192,0.0,0.808,21
280,CNN,Wed Jun 27 15:36:21 +0000 2018,"A judge denied rapper Meek Mill's petition for a new trial, despite the district attorney's office recommending tha‚Ä¶ https://t.co/BFQhWcfekN",-0.4404,0.0,0.153,0.847,20
281,CNN,Wed Jun 27 15:24:45 +0000 2018,"The Smithsonian has unveiled a design for the National Native American Veterans Memorial, which will be placed on t‚Ä¶ https://t.co/dCwD3oAtJ7",0.0,0.0,0.0,1.0,19
282,CNN,Wed Jun 27 15:14:06 +0000 2018,Facebook has abandoned an ambitious plan to design and produce its own drones. https://t.co/OsmYnonbis,0.0258,0.171,0.166,0.663,18
283,CNN,Wed Jun 27 15:02:32 +0000 2018,Former government contractor Reality Winner pleads guilty to leaking classified material https://t.co/xPDaOkB47K https://t.co/V4FIWATsB2,0.25,0.216,0.159,0.625,17
284,CNN,Wed Jun 27 14:55:00 +0000 2018,"""We are committing human rights abuses on this border in separating children from their families,"" says New York co‚Ä¶ https://t.co/0JsvHEAZXn",-0.5106,0.057,0.157,0.786,16
285,CNN,Wed Jun 27 14:50:11 +0000 2018,White House press secretary Sarah Sanders is expected to receive Secret Service protection https://t.co/J9L7pDzbIs https://t.co/kF76b1GP2b,0.0,0.0,0.0,1.0,15
286,CNN,Wed Jun 27 14:38:04 +0000 2018,The Virginia restaurant owner who asked White House press secretary Sarah Sanders to leave has resigned from the to‚Ä¶ https://t.co/LlHIYmjiGB,-0.296,0.0,0.151,0.849,14
287,CNN,Wed Jun 27 14:26:52 +0000 2018,Alexandria Ocasio-Cortez's win will likely make her the youngest person in Congress in 2019 https://t.co/pMUjLQSfR6 https://t.co/zMoh38VPDb,0.5859,0.202,0.0,0.798,13
288,CNN,Wed Jun 27 14:14:58 +0000 2018,JUST IN: The Supreme Court deals a major blow to public-sector unions in a case that could shake their financial st‚Ä¶ https://t.co/WesRgtLab3,0.4404,0.155,0.073,0.773,12
289,CNN,Wed Jun 27 13:53:38 +0000 2018,The restaurant owner who asked Sarah Sanders to leave has resigned from the top post of a local business group https://t.co/etysLMTrW7,-0.1027,0.082,0.145,0.773,11
290,CNN,Wed Jun 27 13:37:41 +0000 2018,A Japanese spacecraft has reached a diamond-shaped asteroid three years after setting off on its mission to learn a‚Ä¶ https://t.co/U0XVLYP4pB,0.1027,0.076,0.0,0.924,10
291,CNN,Wed Jun 27 13:26:12 +0000 2018,"""We are committing human rights abuses on this border in separating children from their families,"" says New York co‚Ä¶ https://t.co/9OTv5cGPUg",-0.5106,0.057,0.157,0.786,9
292,CNN,Wed Jun 27 13:18:39 +0000 2018,RT @CNNPolitics: Alexandria Ocasio-Cortez will not say if she would support Nancy Pelosi for speaker if she wins in November and Democrats‚Ä¶,0.7506,0.242,0.0,0.758,8
293,CNN,Wed Jun 27 13:13:57 +0000 2018,"RT @CNNPolitics: ""We won because we organized. We won because I think we had a very clear, winning message and we took that message to door‚Ä¶",0.9322,0.411,0.0,0.589,7
294,CNN,Wed Jun 27 13:13:49 +0000 2018,New York Democrat Alexandria Ocasio-Cortez discusses her primary night win. Watch live: https://t.co/vhkaPaA3uB https://t.co/lYNj8K8WhK,0.5859,0.226,0.0,0.774,6
295,CNN,Wed Jun 27 13:00:47 +0000 2018,What Alexandria Ocasio-Cortez's victory says about the Democratic Party and 2020 | Analysis by Harry Enten‚Ä¶ https://t.co/pnoOjHEmb3,0.4019,0.153,0.0,0.847,5
296,CNN,Wed Jun 27 12:45:06 +0000 2018,"JUST IN: A Pittsburgh-area officer has been charged with criminal homicide in the death of Antwon Rose, an unarmed‚Ä¶ https://t.co/rVPbXFSYLP",-0.8442,0.0,0.363,0.637,4
297,CNN,Wed Jun 27 12:37:24 +0000 2018,"On the Mexico border, Latino Republicans back President Trump's immigration plans https://t.co/M0cK75CTAv https://t.co/4KaNigqwhb",0.0,0.0,0.0,1.0,3
298,CNN,Wed Jun 27 12:25:32 +0000 2018,JUST IN: White House decides against outright limits on Chinese investment https://t.co/MqMrx3PyoJ https://t.co/vdhUECfX8v,0.0,0.0,0.0,1.0,2
299,CNN,Wed Jun 27 12:14:08 +0000 2018,"Mars is often referred to as the Red Planet, but pictures from one of NASA's orbiters showed what appeared to be a‚Ä¶ https://t.co/9KBq3JSYch",0.0,0.0,0.0,1.0,1
300,FoxNews,Thu Jun 28 00:27:17 +0000 2018,"President @realDonaldTrump: ""You need a senator who doesn't just talk like they're from North Dakota, but votes lik‚Ä¶ https://t.co/4tQNXEc1Mp",-0.1419,0.0,0.084,0.916,100
301,FoxNews,Thu Jun 28 00:25:21 +0000 2018,"President @realDonaldTrump: ""ObamaCare is essentially dead."" https://t.co/SVlX3KlugG",0.0,0.0,0.0,1.0,99
302,FoxNews,Thu Jun 28 00:24:53 +0000 2018,"President @realDonaldTrump on health care: ""We are coming out with so many health care plans that are so much bette‚Ä¶ https://t.co/OD7MVeoXoU",0.7506,0.252,0.0,0.748,98
303,FoxNews,Thu Jun 28 00:22:28 +0000 2018,".@RepKevinCramer: ""All I can say is, Mr. President, on behalf of all of the thousands of people in this arena, and‚Ä¶ https://t.co/uIogWwz8h0",0.0,0.0,0.0,1.0,97
304,FoxNews,Thu Jun 28 00:08:39 +0000 2018,".@POTUS holds a ""Make America Great Again"" rally in Fargo, North Dakota. https://t.co/Bxk0nLbwIj",0.6249,0.272,0.0,0.728,96
305,FoxNews,Thu Jun 28 00:06:03 +0000 2018,".@BenShapiro on Socialist Who Upset NY Primary: Just Like Bernie, She Has Radical Ideas That Can Never Be Paid For. https://t.co/f64BRv8hzG",-0.0258,0.104,0.108,0.788,95
306,FoxNews,Wed Jun 27 23:57:01 +0000 2018,"Bill Shine, former Fox News co-president, to take on senior communications role at White House. https://t.co/33ZNi2jUTA",0.0,0.0,0.0,1.0,94
307,FoxNews,Wed Jun 27 23:53:32 +0000 2018,Firefighters in Maine helped a 97-year-old widow of a World War II veteran with the patriotic task of raising a new‚Ä¶ https://t.co/x1hWo6uK5N,-0.5994,0.0,0.178,0.822,93
308,FoxNews,Wed Jun 27 23:47:28 +0000 2018,".@gen_jackkeane on upcoming @POTUS meeting with Russian President Putin: ""A meeting like this does give [Putin] a s‚Ä¶ https://t.co/GTThjAfrpC",0.3612,0.128,0.0,0.872,92
309,FoxNews,Wed Jun 27 23:39:45 +0000 2018,".@RepGoodlatte on the hearing with embattled FBI agent Peter Strzok: ""Unfortunately the FBI counsel in the room has‚Ä¶ https://t.co/8wNf54TZZL",-0.34,0.0,0.118,0.882,91
310,FoxNews,Wed Jun 27 23:29:08 +0000 2018,".@benshapiro: ""I think the next wave of Democrats are going to be much closer @BernieSanders brand Democrats than e‚Ä¶ https://t.co/wh7X126Fcz",0.0,0.0,0.0,1.0,90
311,FoxNews,Wed Jun 27 23:24:56 +0000 2018,".@POTUS arrives in Fargo, North Dakota for a campaign rally. (Courtesy: KXJB) https://t.co/z4rJZ3bwor",0.0,0.0,0.0,1.0,89
312,FoxNews,Wed Jun 27 23:22:29 +0000 2018,"Reacting to the retirement of Supreme Court Justice Kennedy, @SenSchumer said that Republicans ""in the Senate shoul‚Ä¶ https://t.co/7tVMU2Kosh",0.7906,0.304,0.0,0.696,88
313,FoxNews,Wed Jun 27 23:16:04 +0000 2018,"Nonprofit operator of shelters for immigrant kids tells of bomb threats, staff harassment. https://t.co/PqbaVSGv0X",-0.8591,0.0,0.463,0.537,87
314,FoxNews,Wed Jun 27 23:09:56 +0000 2018,".@mercedesschlapp on a time frame for @POTUS' Supreme Court justice nomination: ""He wants to move quickly on this.""‚Ä¶ https://t.co/LwxRvkhK0B",0.7906,0.304,0.0,0.696,86
315,FoxNews,Wed Jun 27 23:06:27 +0000 2018,".@mercedesschlapp on @POTUS' meeting with Justice Kennedy: ""The president was incredibly thankful for Justice Kenne‚Ä¶ https://t.co/io1XItu3Ep",0.8955,0.454,0.0,0.546,85
316,FoxNews,Wed Jun 27 22:55:32 +0000 2018,New York Times details conditions of Obama-era family detention center: 'No place for human beings' https://t.co/hhjytlYXjl,-0.5719,0.0,0.251,0.749,84
317,FoxNews,Wed Jun 27 22:52:41 +0000 2018,"Charles Hurt on replacing Justice Kennedy: ""The greatest 'Never-Trumper' has to admit that Neil Gorsuch was a huge‚Ä¶ https://t.co/yLgXv8VXm2",0.7184,0.351,0.127,0.522,83
318,FoxNews,Wed Jun 27 22:48:18 +0000 2018,".@jonathanvswan on replacing Justice Kennedy: ""[@POTUS] now knows both the political force of this decision and the‚Ä¶ https://t.co/1H2j2UyO4J",0.5267,0.167,0.0,0.833,82
319,FoxNews,Wed Jun 27 22:43:58 +0000 2018,"Maine firefighters help military widow, 97, 'proudly' raise American flag https://t.co/Hvnk9wlZIx",0.4019,0.213,0.0,0.787,81
320,FoxNews,Thu Jun 28 00:27:17 +0000 2018,"President @realDonaldTrump: ""You need a senator who doesn't just talk like they're from North Dakota, but votes lik‚Ä¶ https://t.co/4tQNXEc1Mp",-0.1419,0.0,0.084,0.916,80
321,FoxNews,Thu Jun 28 00:25:21 +0000 2018,"President @realDonaldTrump: ""ObamaCare is essentially dead."" https://t.co/SVlX3KlugG",0.0,0.0,0.0,1.0,79
322,FoxNews,Thu Jun 28 00:24:53 +0000 2018,"President @realDonaldTrump on health care: ""We are coming out with so many health care plans that are so much bette‚Ä¶ https://t.co/OD7MVeoXoU",0.7506,0.252,0.0,0.748,78
323,FoxNews,Thu Jun 28 00:22:28 +0000 2018,".@RepKevinCramer: ""All I can say is, Mr. President, on behalf of all of the thousands of people in this arena, and‚Ä¶ https://t.co/uIogWwz8h0",0.0,0.0,0.0,1.0,77
324,FoxNews,Thu Jun 28 00:08:39 +0000 2018,".@POTUS holds a ""Make America Great Again"" rally in Fargo, North Dakota. https://t.co/Bxk0nLbwIj",0.6249,0.272,0.0,0.728,76
325,FoxNews,Thu Jun 28 00:06:03 +0000 2018,".@BenShapiro on Socialist Who Upset NY Primary: Just Like Bernie, She Has Radical Ideas That Can Never Be Paid For. https://t.co/f64BRv8hzG",-0.0258,0.104,0.108,0.788,75
326,FoxNews,Wed Jun 27 23:57:01 +0000 2018,"Bill Shine, former Fox News co-president, to take on senior communications role at White House. https://t.co/33ZNi2jUTA",0.0,0.0,0.0,1.0,74
327,FoxNews,Wed Jun 27 23:53:32 +0000 2018,Firefighters in Maine helped a 97-year-old widow of a World War II veteran with the patriotic task of raising a new‚Ä¶ https://t.co/x1hWo6uK5N,-0.5994,0.0,0.178,0.822,73
328,FoxNews,Wed Jun 27 23:47:28 +0000 2018,".@gen_jackkeane on upcoming @POTUS meeting with Russian President Putin: ""A meeting like this does give [Putin] a s‚Ä¶ https://t.co/GTThjAfrpC",0.3612,0.128,0.0,0.872,72
329,FoxNews,Wed Jun 27 23:39:45 +0000 2018,".@RepGoodlatte on the hearing with embattled FBI agent Peter Strzok: ""Unfortunately the FBI counsel in the room has‚Ä¶ https://t.co/8wNf54TZZL",-0.34,0.0,0.118,0.882,71
330,FoxNews,Wed Jun 27 23:29:08 +0000 2018,".@benshapiro: ""I think the next wave of Democrats are going to be much closer @BernieSanders brand Democrats than e‚Ä¶ https://t.co/wh7X126Fcz",0.0,0.0,0.0,1.0,70
331,FoxNews,Wed Jun 27 23:24:56 +0000 2018,".@POTUS arrives in Fargo, North Dakota for a campaign rally. (Courtesy: KXJB) https://t.co/z4rJZ3bwor",0.0,0.0,0.0,1.0,69
332,FoxNews,Wed Jun 27 23:22:29 +0000 2018,"Reacting to the retirement of Supreme Court Justice Kennedy, @SenSchumer said that Republicans ""in the Senate shoul‚Ä¶ https://t.co/7tVMU2Kosh",0.7906,0.304,0.0,0.696,68
333,FoxNews,Wed Jun 27 23:16:04 +0000 2018,"Nonprofit operator of shelters for immigrant kids tells of bomb threats, staff harassment. https://t.co/PqbaVSGv0X",-0.8591,0.0,0.463,0.537,67
334,FoxNews,Wed Jun 27 23:09:56 +0000 2018,".@mercedesschlapp on a time frame for @POTUS' Supreme Court justice nomination: ""He wants to move quickly on this.""‚Ä¶ https://t.co/LwxRvkhK0B",0.7906,0.304,0.0,0.696,66
335,FoxNews,Wed Jun 27 23:06:27 +0000 2018,".@mercedesschlapp on @POTUS' meeting with Justice Kennedy: ""The president was incredibly thankful for Justice Kenne‚Ä¶ https://t.co/io1XItu3Ep",0.8955,0.454,0.0,0.546,65
336,FoxNews,Wed Jun 27 22:55:32 +0000 2018,New York Times details conditions of Obama-era family detention center: 'No place for human beings' https://t.co/hhjytlYXjl,-0.5719,0.0,0.251,0.749,64
337,FoxNews,Wed Jun 27 22:52:41 +0000 2018,"Charles Hurt on replacing Justice Kennedy: ""The greatest 'Never-Trumper' has to admit that Neil Gorsuch was a huge‚Ä¶ https://t.co/yLgXv8VXm2",0.7184,0.351,0.127,0.522,63
338,FoxNews,Wed Jun 27 22:48:18 +0000 2018,".@jonathanvswan on replacing Justice Kennedy: ""[@POTUS] now knows both the political force of this decision and the‚Ä¶ https://t.co/1H2j2UyO4J",0.5267,0.167,0.0,0.833,62
339,FoxNews,Wed Jun 27 22:43:58 +0000 2018,"Maine firefighters help military widow, 97, 'proudly' raise American flag https://t.co/Hvnk9wlZIx",0.4019,0.213,0.0,0.787,61
340,FoxNews,Wed Jun 27 22:43:25 +0000 2018,President @realDonaldTrump is traveling the country to endorse candidates in the GOP primaries. @pdoocy has the sto‚Ä¶ https://t.co/wWNBysi26Q,0.3182,0.119,0.0,0.881,60
341,FoxNews,Wed Jun 27 22:24:51 +0000 2018,"Justice Anthony Kennedy in 1988: ""It is appropriate to recognize an essential truth, and that is that the Constitut‚Ä¶ https://t.co/6aQ8yI8sf5",0.6908,0.241,0.0,0.759,59
342,FoxNews,Wed Jun 27 22:18:26 +0000 2018,A political storm is brewing as President @realDonaldTrump looks to replace Supreme Court Justice Anthony Kennedy.‚Ä¶ https://t.co/XLRzMUOUKh,0.7906,0.333,0.0,0.667,58
343,FoxNews,Wed Jun 27 22:16:25 +0000 2018,A seat on the Supreme Court is opening up as Justice Anthony Kennedy gets ready to retire. @ShannonBream has the la‚Ä¶ https://t.co/M273ec1d6V,0.8591,0.345,0.0,0.655,57
344,FoxNews,Wed Jun 27 22:14:44 +0000 2018,"Leonard Leo on Justice Kennedy retiring: ""[@POTUS] had enormous success in nominating Neil Gorsuch to the court. An‚Ä¶ https://t.co/kbcddSdAfX",0.7964,0.295,0.0,0.705,56
345,FoxNews,Wed Jun 27 22:07:54 +0000 2018,New York man witnesses daughter's marriage days before losing battle to cancer https://t.co/hZrWXHR7dV,-0.8625,0.0,0.49,0.51,55
346,FoxNews,Wed Jun 27 21:58:52 +0000 2018,THURSDAY: @BretBaier and @marthamaccallum moderate the Florida GOP gubernatorial debate at 6:30p ET on Fox News Cha‚Ä¶ https://t.co/RDhzC2eu3Z,0.0,0.0,0.0,1.0,54
347,FoxNews,Wed Jun 27 21:53:52 +0000 2018,"Hawaii emergency workers slept on the job, emails showed in aftermath of the fake missile alert. https://t.co/EVzIMJzvge",-0.5423,0.1,0.26,0.639,53
348,FoxNews,Wed Jun 27 21:48:30 +0000 2018,"Maxine Waters, Kathy Griffin, Samantha Bee, others targeted in RNC campaign ad criticizing the 'unhinged left' https://t.co/vnWVPRywel",-0.3612,0.0,0.135,0.865,52
349,FoxNews,Wed Jun 27 21:40:57 +0000 2018,"Janoris Jenkins' brother is charged with manslaughter in the death at the NFL star's home, officials say. https://t.co/4L0kg5khCb",-0.6908,0.0,0.263,0.737,51
350,FoxNews,Wed Jun 27 21:37:13 +0000 2018,"Moments ago, @VP thanked Justice Anthony Kennedy for his service on the U.S. Supreme Court following Kennedy's anno‚Ä¶ https://t.co/45qnpf5Nrf",0.872,0.382,0.0,0.618,50
351,FoxNews,Wed Jun 27 21:28:30 +0000 2018,".@kimguilfoyle on @repjoecrowley's primary loss: ""He should have showed up for everything and not mailed it in, he‚Ä¶ https://t.co/yMKIiA2aLb",-0.3182,0.0,0.113,0.887,49
352,FoxNews,Wed Jun 27 21:20:21 +0000 2018,"California man, 77, accused of killing fire captain, charged with capital murder. https://t.co/sSc72Q4prH",-0.9382,0.0,0.66,0.34,48
353,FoxNews,Wed Jun 27 21:14:04 +0000 2018,".@JesseBWatters: ""This definitely moves the court to the right and it really puts the pressure on [Justice] Ginsbur‚Ä¶ https://t.co/UHqvV4zFkv",0.0609,0.122,0.111,0.767,47
354,FoxNews,Wed Jun 27 21:12:58 +0000 2018,An all-new season of 'OBJECTified' premieres this Sunday with NBA legend @MagicJohnson! Tune in to Fox News Channel‚Ä¶ https://t.co/1Q0L8B3ZKj,0.0,0.0,0.0,1.0,46
355,FoxNews,Wed Jun 27 21:08:18 +0000 2018,Benghazi mastermind sentenced to 22 years in prison on federal terrorism charges. https://t.co/33Y6lI7LAE,-0.8779,0.0,0.552,0.448,45
356,FoxNews,Wed Jun 27 20:56:56 +0000 2018,"Janoris Jenkins' brother is person of interest in death at NFL star's home, reports say https://t.co/q7Y9XdOY5l",-0.2263,0.144,0.187,0.67,44
357,FoxNews,Wed Jun 27 20:42:00 +0000 2018,.@SenSchumer Demands Congress Use 'Biden Rule' in Choosing Kennedy Replacement https://t.co/gyJCSfYRGq,0.0,0.0,0.0,1.0,43
358,FoxNews,Wed Jun 27 20:31:53 +0000 2018,"Bob Vander Plaats on Justice Kennedy retiring: ""I think this is an opportunity to restore a culture of life in this‚Ä¶ https://t.co/hzQHiOR22k",0.8126,0.318,0.0,0.682,42
359,FoxNews,Wed Jun 27 20:31:09 +0000 2018,"Bob Vander Plaats on Justice Kennedy retiring: ""If [Justice Neil] Gorsuch is a standard, we'd like to see another G‚Ä¶ https://t.co/VgYpLsLUNp",0.7096,0.247,0.0,0.753,41
360,FoxNews,Wed Jun 27 20:25:58 +0000 2018,".@RandPaul on Justice Kennedy's retirement: ""No matter who President @realDonaldTrump picks will be divided along p‚Ä¶ https://t.co/GkyXVcBsrH",0.3182,0.217,0.106,0.676,40
361,FoxNews,Wed Jun 27 20:19:43 +0000 2018,Who are the Supreme Court justices? https://t.co/0VMFK0PBoY,0.5574,0.375,0.0,0.625,39
362,FoxNews,Wed Jun 27 20:18:09 +0000 2018,"Tom Dupree: ""Justice Kennedy has been the swing vote on the Supreme Court for the last decade plus. We are going to‚Ä¶ https://t.co/QwQhPaCQYf",0.7906,0.25,0.0,0.75,38
363,FoxNews,Wed Jun 27 20:15:57 +0000 2018,".@johnrobertsFox on Justice Kennedy retiring: ""[@POTUS] has the opportunity to cement a 5-4 conservative majority a‚Ä¶ https://t.co/1qcFCg8FtA",0.7351,0.307,0.0,0.693,37
364,FoxNews,Wed Jun 27 20:07:46 +0000 2018,Supreme Court Justice Anthony Kennedy announced Wednesday that he's retiring at the end of July. @ShannonBream has‚Ä¶ https://t.co/8mttwhZRbT,0.7906,0.304,0.0,0.696,36
365,FoxNews,Wed Jun 27 20:01:27 +0000 2018,".@SenateMajLdr on Justice Kennedy retiring: ""First and foremost, I want to pause and express our gratitude for the‚Ä¶ https://t.co/vhk5eHGtCm",0.7906,0.348,0.0,0.652,35
366,FoxNews,Wed Jun 27 19:59:43 +0000 2018,.@AmbJohnBolton visits Moscow to talk possible US-Russia summit @ShepNewsTeam https://t.co/q1k8BHCj3W https://t.co/MODPY7wg2A,0.0,0.0,0.0,1.0,34
367,FoxNews,Wed Jun 27 19:58:43 +0000 2018,"Sen. @ChuckGrassley, chairman of @senjudiciary, speaks after the announcement of Supreme Court Justice Kennedy's re‚Ä¶ https://t.co/ybqvasevub",0.7906,0.333,0.0,0.667,33
368,FoxNews,Wed Jun 27 19:50:04 +0000 2018,North Korea continues construction of nuclear research facility despite agreement to 'denuclearize': report https://t.co/jmGYjmVDpv,-0.3875,0.0,0.168,0.832,32
369,FoxNews,Wed Jun 27 19:41:06 +0000 2018,"Supreme Court Justice Kennedy in his retirement letter to @POTUS: ""For a member of the legal profession it is the h‚Ä¶ https://t.co/hFqMcH8XcJ",0.8176,0.321,0.0,0.679,31
370,FoxNews,Wed Jun 27 19:31:02 +0000 2018,Kennedy replacement could face battles seen by the hotly contested nominations of Bork and Thomas. https://t.co/NkZZl3fR3L,-0.3818,0.0,0.148,0.852,30
371,FoxNews,Wed Jun 27 19:29:01 +0000 2018,".@SenSchumer: ""Our Republican colleagues in the Senate should follow the rule they set in 2016: not to consider a S‚Ä¶ https://t.co/0YuO4g9srk",0.0,0.0,0.0,1.0,29
372,FoxNews,Wed Jun 27 19:20:00 +0000 2018,Supreme Court Justice Anthony Kennedy released this statement Wednesday after announcing his retirement.‚Ä¶ https://t.co/pQWz7XYB7u,0.7906,0.368,0.0,0.632,28
373,FoxNews,Wed Jun 27 19:16:10 +0000 2018,"Chris Wallace on Justice Kennedy's retirement and the next Supreme Court pick: ""I think this is the biggest moment‚Ä¶ https://t.co/EQiWkTYJu7",0.7906,0.28,0.0,0.72,27
374,FoxNews,Wed Jun 27 19:08:26 +0000 2018,".@SenateMajLdr on Justice Kennedy retiring: ""Today the Senate and the nation thank Justice Kennedy for his years of‚Ä¶ https://t.co/BqOAYAW39y",0.8519,0.368,0.0,0.632,26
375,FoxNews,Wed Jun 27 19:01:47 +0000 2018,"President @realDonaldTrump on immigration: ""We believe in very strong borders, no crime. And the Democrats believe‚Ä¶ https://t.co/g3kBid4vX0",-0.3336,0.153,0.253,0.594,25
376,FoxNews,Wed Jun 27 18:59:43 +0000 2018,"President @realDonaldTrump on meeting with Vladimir Putin: ""It would look like we will probably be meeting sometime‚Ä¶ https://t.co/VVuUqncwry",0.3612,0.128,0.0,0.872,24
377,FoxNews,Wed Jun 27 18:57:04 +0000 2018,"President @realDonaldTrump on immigration: ""We believe that families should be together."" https://t.co/Rdhl3AQGWv",0.0,0.0,0.0,1.0,23
378,FoxNews,Wed Jun 27 18:52:29 +0000 2018,"President @realDonaldTrump: ""We have a list of 25 people that I actually had during my election.""‚Ä¶ https://t.co/Jg9saPTf1E",0.0,0.0,0.0,1.0,22
379,FoxNews,Wed Jun 27 18:51:26 +0000 2018,"President @realDonaldTrump on Justice Kennedy retiring: ""Hopefully we're gonna pick somebody who will be as outstan‚Ä¶ https://t.co/3Df7Rh5Gpu",0.7269,0.289,0.0,0.711,21
380,FoxNews,Wed Jun 27 18:49:45 +0000 2018,"President @realDonaldTrump on Justice Kennedy retiring: ""We will begin our search for a new justice of the United S‚Ä¶ https://t.co/kg0zzcBlS4",0.8625,0.375,0.0,0.625,20
381,FoxNews,Wed Jun 27 18:45:40 +0000 2018,"President @realDonaldTrump on Justice Kennedy retiring: ""He is a man who has displayed tremendous vision and tremen‚Ä¶ https://t.co/Wr8WzbxJZD",0.6597,0.265,0.0,0.735,19
382,FoxNews,Wed Jun 27 18:43:37 +0000 2018,"President @realDonaldTrump on Justice Kennedy retiring: ""He's a man that I've known for a long time and a man that‚Ä¶ https://t.co/VTE5XuJPMs",0.5267,0.167,0.0,0.833,18
383,FoxNews,Wed Jun 27 18:41:24 +0000 2018,".@SenateMajLdr: ""It's imperative that @POTUS' nominee be considered fairly and not subjected to personal attacks.""‚Ä¶ https://t.co/xJChrD9tC3",0.0,0.0,0.0,1.0,17
384,FoxNews,Wed Jun 27 18:39:56 +0000 2018,".@SenateMajLdr: ""As in the case of Justice Gorsuch, senators will have the opportunity to meet with @POTUS' nominee‚Ä¶ https://t.co/YIL0l6JHaT",0.7351,0.267,0.0,0.733,16
385,FoxNews,Wed Jun 27 18:39:10 +0000 2018,.@POTUS speaks as Justice Anthony Kennedy says he's retiring effective July 31. https://t.co/7Do7LBbAzT  https://t.co/N78qS5Orid,0.7579,0.351,0.0,0.649,15
386,FoxNews,Wed Jun 27 18:38:12 +0000 2018,".@SenateMajLdr: ""We will vote to confirm Justice Kennedy's successor this fall."" https://t.co/7Do7LBbAzT https://t.co/tnxDRWAfdx",0.6486,0.325,0.0,0.675,14
387,FoxNews,Wed Jun 27 18:37:22 +0000 2018,".@SenateMajLdr: ""The Senate stands ready to fulfill its constitutional role by offering advice and consent on Presi‚Ä¶ https://t.co/Y3SuRrRslS",0.743,0.327,0.0,0.673,13
388,FoxNews,Wed Jun 27 18:35:39 +0000 2018,".@SenateMajLdr: ""As Justice Kennedy concludes his tenure on the court, we wish him, his wife Mary and their family‚Ä¶ https://t.co/opa1tx9wTQ",0.7269,0.253,0.0,0.747,12
389,FoxNews,Wed Jun 27 18:32:41 +0000 2018,"Chris Wallace on Justice Kennedy retiring: ""A Supreme Court nominee can either be a huge legacy builder for a presi‚Ä¶ https://t.co/30pMea3hUI",0.8519,0.368,0.0,0.632,11
390,FoxNews,Wed Jun 27 18:28:52 +0000 2018,"Chris Wallace on Justice Kennedy retiring: ""Replacing him with a solid conservative is enormously important.""‚Ä¶ https://t.co/A2qQOmui4P",0.6124,0.278,0.0,0.722,10
391,FoxNews,Wed Jun 27 18:23:27 +0000 2018,Justice Kennedy announces plan to retire https://t.co/7Do7LBbAzT @dailybriefing https://t.co/SVSrt1St0V,0.5267,0.298,0.0,0.702,9
392,FoxNews,Wed Jun 27 18:17:04 +0000 2018,Justice Kennedy announces plan to retire https://t.co/7Do7LBbAzT https://t.co/9qB5Mn3u41,0.5267,0.327,0.0,0.673,8
393,FoxNews,Wed Jun 27 18:12:07 +0000 2018,Supreme Court Justice Anthony Kennedy says he's retiring effective July 31. Kennedy stepping down would mark a seco‚Ä¶ https://t.co/O7D0XkDXsw,0.8779,0.402,0.0,0.598,7
394,FoxNews,Wed Jun 27 18:08:38 +0000 2018,BREAKING NEWS: Supreme Court Justice Anthony Kennedy to retire. https://t.co/7Do7LBbAzT https://t.co/3BWyEvTm8k,0.7906,0.438,0.0,0.562,6
395,FoxNews,Wed Jun 27 18:06:09 +0000 2018,.@GOP compromise immigration bill defeated on House floor https://t.co/PFqehcwp8b,-0.4767,0.0,0.279,0.721,5
396,FoxNews,Wed Jun 27 17:52:02 +0000 2018,Strawberry Moon and Saturn to put on dazzling display this week https://t.co/dQRUiwUF78,0.0,0.0,0.0,1.0,4
397,FoxNews,Wed Jun 27 17:48:36 +0000 2018,House voting on @GOP immigration bill #OutnumberedOT https://t.co/pf5VaiSrVR,0.0,0.0,0.0,1.0,3
398,FoxNews,Wed Jun 27 17:45:32 +0000 2018,"Delaware police find abandoned home -- in the middle of the road
https://t.co/vMOSNb2IXE",-0.4588,0.0,0.2,0.8,2
399,FoxNews,Wed Jun 27 17:29:23 +0000 2018,THURSDAY: @BretBaier and @marthamaccallum moderate the Florida GOP gubernatorial debate at 6:30p ET on Fox News Cha‚Ä¶ https://t.co/dVtQIGyy27,0.0,0.0,0.0,1.0,1
400,nytimes,Thu Jun 28 00:17:05 +0000 2018,"RT @emilybazelon: Well, here are my thoughts on the retirement of Justice Kennedy.

https://t.co/4vEYBgHMZK",0.6705,0.314,0.0,0.686,100
401,nytimes,Thu Jun 28 00:02:07 +0000 2018,A Kansas City immigration lawyer said she broke her foot after being pushed to the ground by an ICE officer. She wa‚Ä¶ https://t.co/utMRWvXuEX,-0.4215,0.0,0.118,0.882,99
402,nytimes,Wed Jun 27 23:47:06 +0000 2018,The front-runners and full list of potential Supreme Court nominees https://t.co/zxRZ41GWLu,0.5574,0.265,0.0,0.735,98
403,nytimes,Wed Jun 27 23:32:06 +0000 2018,"Terry Crews says he won't be in ""The Expendables 4"" after a producer tried to get him to drop his sexual assault la‚Ä¶ https://t.co/zTlHKBR7KL",-0.7096,0.0,0.219,0.781,97
404,nytimes,Wed Jun 27 23:17:04 +0000 2018,"RT @nytopinion: My father, Fred Korematsu, would have been upset that the court overturned his case only to uphold President Trump‚Äôs travel‚Ä¶",-0.3818,0.0,0.11,0.89,96
405,nytimes,Wed Jun 27 23:03:03 +0000 2018,"In 1983, the slashed, scarred body of a 23-year-old black man was discovered in a grassy roadside area in a Georgia‚Ä¶ https://t.co/k51to4KlDm",-0.2263,0.0,0.095,0.905,95
406,nytimes,Wed Jun 27 22:47:05 +0000 2018,Evening Briefing: Here's what you need to know at the end of the day https://t.co/ejfYV4pKni,0.0,0.0,0.0,1.0,94
407,nytimes,Wed Jun 27 22:32:05 +0000 2018,"The world‚Äôs tropical forests lost roughly 39 million acres of trees last year, an area roughly the size of Banglade‚Ä¶ https://t.co/3xx3rdpeNY",-0.3182,0.0,0.103,0.897,93
408,nytimes,Wed Jun 27 22:17:04 +0000 2018,"RT @nytvideo: ‚ÄúWomen like me aren‚Äôt supposed to run for office,‚Äù Alexandria Ocasio-Cortez said in a campaign video last month. In a stunnin‚Ä¶",0.3612,0.111,0.0,0.889,92
409,nytimes,Wed Jun 27 22:01:06 +0000 2018,"Germany, the defending World Cup champion, took its earliest exit from the tournament since 1938 https://t.co/e0hFEMidIb",0.5994,0.206,0.0,0.794,91
410,nytimes,Wed Jun 27 21:51:05 +0000 2018,"RT @NYTSports: For women who work as sports reporters, #MeToo isn‚Äôt just a movement, it‚Äôs often their everyday reality. https://t.co/o0YbUp‚Ä¶",0.0,0.0,0.0,1.0,90
411,nytimes,Wed Jun 27 21:42:02 +0000 2018,"13 years after escaping from a Wichita zoo, No. 492 is the flamingo that keeps on surviving https://t.co/7uhrgQx1hJ",0.0516,0.173,0.112,0.714,89
412,nytimes,Wed Jun 27 21:26:06 +0000 2018,RT @malachybrowne: A peek behind our investigation into claims by Syrian and Russian officials that the chemical weapons attack in Douma on‚Ä¶,-0.7184,0.0,0.24,0.76,88
413,nytimes,Wed Jun 27 21:11:44 +0000 2018,"A year and a half after a New York Times correspondent was kicked out of Venezuela, he returned to see how people a‚Ä¶ https://t.co/7jChD5QJC5",0.0,0.0,0.0,1.0,87
414,nytimes,Wed Jun 27 21:06:21 +0000 2018,"On the streets of Caracas, homeless kids play with a wad of bol√≠var bills like it‚Äôs Monopoly money. All of this isn‚Ä¶ https://t.co/a27fQZPuyJ",0.5994,0.197,0.0,0.803,86
415,nytimes,Wed Jun 27 21:03:18 +0000 2018,Runaway inflation has thrown Venezuela into chaos and made food and medicine desperately scarce‚Ä¶ https://t.co/p8Vk9of1Z1,-0.743,0.0,0.326,0.674,85
416,nytimes,Wed Jun 27 20:55:02 +0000 2018,The police officer who killed Antwon Rose failed basic police procedures and made statements to investigators that‚Ä¶ https://t.co/yLyFUvUOwL,-0.8316,0.0,0.328,0.672,84
417,nytimes,Wed Jun 27 20:40:06 +0000 2018,Trump administration officials that it would be difficult to comply with the timetable in a federal court order req‚Ä¶ https://t.co/WnK6hCWr9w,-0.3612,0.0,0.122,0.878,83
418,nytimes,Wed Jun 27 20:25:03 +0000 2018,Stories of how we communicate about sex and intimacy are rare. That‚Äôs where you come in. https://t.co/WgP4PnJa0m,0.0,0.0,0.0,1.0,82
419,nytimes,Wed Jun 27 20:14:57 +0000 2018,Breaking News: Senate Majority Leader Mitch McConnell promised a quick vote on a Supreme Court nominee by fall. Dem‚Ä¶ https://t.co/5TmPPJ6Glh,0.7269,0.276,0.0,0.724,81
420,nytimes,Thu Jun 28 00:17:05 +0000 2018,"RT @emilybazelon: Well, here are my thoughts on the retirement of Justice Kennedy.

https://t.co/4vEYBgHMZK",0.6705,0.314,0.0,0.686,80
421,nytimes,Thu Jun 28 00:02:07 +0000 2018,A Kansas City immigration lawyer said she broke her foot after being pushed to the ground by an ICE officer. She wa‚Ä¶ https://t.co/utMRWvXuEX,-0.4215,0.0,0.118,0.882,79
422,nytimes,Wed Jun 27 23:47:06 +0000 2018,The front-runners and full list of potential Supreme Court nominees https://t.co/zxRZ41GWLu,0.5574,0.265,0.0,0.735,78
423,nytimes,Wed Jun 27 23:32:06 +0000 2018,"Terry Crews says he won't be in ""The Expendables 4"" after a producer tried to get him to drop his sexual assault la‚Ä¶ https://t.co/zTlHKBR7KL",-0.7096,0.0,0.219,0.781,77
424,nytimes,Wed Jun 27 23:17:04 +0000 2018,"RT @nytopinion: My father, Fred Korematsu, would have been upset that the court overturned his case only to uphold President Trump‚Äôs travel‚Ä¶",-0.3818,0.0,0.11,0.89,76
425,nytimes,Wed Jun 27 23:03:03 +0000 2018,"In 1983, the slashed, scarred body of a 23-year-old black man was discovered in a grassy roadside area in a Georgia‚Ä¶ https://t.co/k51to4KlDm",-0.2263,0.0,0.095,0.905,75
426,nytimes,Wed Jun 27 22:47:05 +0000 2018,Evening Briefing: Here's what you need to know at the end of the day https://t.co/ejfYV4pKni,0.0,0.0,0.0,1.0,74
427,nytimes,Wed Jun 27 22:32:05 +0000 2018,"The world‚Äôs tropical forests lost roughly 39 million acres of trees last year, an area roughly the size of Banglade‚Ä¶ https://t.co/3xx3rdpeNY",-0.3182,0.0,0.103,0.897,73
428,nytimes,Wed Jun 27 22:17:04 +0000 2018,"RT @nytvideo: ‚ÄúWomen like me aren‚Äôt supposed to run for office,‚Äù Alexandria Ocasio-Cortez said in a campaign video last month. In a stunnin‚Ä¶",0.3612,0.111,0.0,0.889,72
429,nytimes,Wed Jun 27 22:01:06 +0000 2018,"Germany, the defending World Cup champion, took its earliest exit from the tournament since 1938 https://t.co/e0hFEMidIb",0.5994,0.206,0.0,0.794,71
430,nytimes,Wed Jun 27 21:51:05 +0000 2018,"RT @NYTSports: For women who work as sports reporters, #MeToo isn‚Äôt just a movement, it‚Äôs often their everyday reality. https://t.co/o0YbUp‚Ä¶",0.0,0.0,0.0,1.0,70
431,nytimes,Wed Jun 27 21:42:02 +0000 2018,"13 years after escaping from a Wichita zoo, No. 492 is the flamingo that keeps on surviving https://t.co/7uhrgQx1hJ",0.0516,0.173,0.112,0.714,69
432,nytimes,Wed Jun 27 21:26:06 +0000 2018,RT @malachybrowne: A peek behind our investigation into claims by Syrian and Russian officials that the chemical weapons attack in Douma on‚Ä¶,-0.7184,0.0,0.24,0.76,68
433,nytimes,Wed Jun 27 21:11:44 +0000 2018,"A year and a half after a New York Times correspondent was kicked out of Venezuela, he returned to see how people a‚Ä¶ https://t.co/7jChD5QJC5",0.0,0.0,0.0,1.0,67
434,nytimes,Wed Jun 27 21:06:21 +0000 2018,"On the streets of Caracas, homeless kids play with a wad of bol√≠var bills like it‚Äôs Monopoly money. All of this isn‚Ä¶ https://t.co/a27fQZPuyJ",0.5994,0.197,0.0,0.803,66
435,nytimes,Wed Jun 27 21:03:18 +0000 2018,Runaway inflation has thrown Venezuela into chaos and made food and medicine desperately scarce‚Ä¶ https://t.co/p8Vk9of1Z1,-0.743,0.0,0.326,0.674,65
436,nytimes,Wed Jun 27 20:55:02 +0000 2018,The police officer who killed Antwon Rose failed basic police procedures and made statements to investigators that‚Ä¶ https://t.co/yLyFUvUOwL,-0.8316,0.0,0.328,0.672,64
437,nytimes,Wed Jun 27 20:40:06 +0000 2018,Trump administration officials that it would be difficult to comply with the timetable in a federal court order req‚Ä¶ https://t.co/WnK6hCWr9w,-0.3612,0.0,0.122,0.878,63
438,nytimes,Wed Jun 27 20:25:03 +0000 2018,Stories of how we communicate about sex and intimacy are rare. That‚Äôs where you come in. https://t.co/WgP4PnJa0m,0.0,0.0,0.0,1.0,62
439,nytimes,Wed Jun 27 20:14:57 +0000 2018,Breaking News: Senate Majority Leader Mitch McConnell promised a quick vote on a Supreme Court nominee by fall. Dem‚Ä¶ https://t.co/5TmPPJ6Glh,0.7269,0.276,0.0,0.724,61
440,nytimes,Wed Jun 27 20:10:05 +0000 2018,Teachers‚Äô unions could lose up to a third of their members and funding as a result of the Supreme Court decision https://t.co/cPDS7sOlgc,0.2263,0.148,0.111,0.741,60
441,nytimes,Wed Jun 27 19:55:03 +0000 2018,Thousands of fans gathered in Florida for a memorial service to mourn the controversial rapper XXXTentacion https://t.co/S7EzgTBuL1,-0.5574,0.0,0.247,0.753,59
442,nytimes,Wed Jun 27 19:40:12 +0000 2018,"RT @nytopinion: What does the Supreme Court decision on unions mean? Several takes here:

""Workers are standing up and fighting, and they h‚Ä¶",0.2732,0.133,0.092,0.775,58
443,nytimes,Wed Jun 27 19:25:04 +0000 2018,Mitch McConnell said the Senate would vote to replace Justice Anthony Kennedy this fall https://t.co/DbdzxTgpnE,0.5267,0.195,0.0,0.805,57
444,nytimes,Wed Jun 27 19:10:08 +0000 2018,Switzerland dominated possession in the first half of their match against Costa Rica. But as Germany showed earlier‚Ä¶ https://t.co/DU2HxkLmhp,0.0,0.0,0.0,1.0,56
445,nytimes,Wed Jun 27 18:55:07 +0000 2018,Benicio Del Toro is now one of only a few Latinos to headline a film franchise released by Hollywood https://t.co/Uxz6HFiZhH,0.0,0.0,0.0,1.0,55
446,nytimes,Wed Jun 27 18:42:34 +0000 2018,"There are over 100,000 people on the waiting list to join the dating app Raya https://t.co/FLQ5gZWbm5",0.296,0.128,0.0,0.872,54
447,nytimes,Wed Jun 27 18:25:03 +0000 2018,The U.S. Open is revamping its seeding process to protect women returning to the court after giving birth. Serena W‚Ä¶ https://t.co/NULz1eKCTz,0.6124,0.208,0.0,0.792,53
448,nytimes,Wed Jun 27 18:11:25 +0000 2018,"Breaking News: Anthony Kennedy is retiring from the Supreme Court. He was often the swing vote, and President Trump‚Ä¶ https://t.co/ojdg7urbeq",0.5574,0.159,0.0,0.841,52
449,nytimes,Wed Jun 27 18:00:01 +0000 2018,Breaking News: The House overwhelmingly rejected a major immigration overhaul. A last-minute plea from President Tr‚Ä¶ https://t.co/FaJ105bHjK,-0.5859,0.0,0.27,0.73,51
450,nytimes,Wed Jun 27 17:53:39 +0000 2018,Here‚Äôs a look at how each team can make the round of 16 https://t.co/FF4ZdmV9tn,0.0,0.0,0.0,1.0,50
451,nytimes,Wed Jun 27 17:51:56 +0000 2018,Both Brazil and Serbia are looking for a win in order to advance to the World Cup round of 16. Expect a competitive‚Ä¶ https://t.co/R0oPoZy7sv,0.5859,0.153,0.0,0.847,49
452,nytimes,Wed Jun 27 17:35:03 +0000 2018,A member of Brazil's soccer federation was sent home to Brazil after smashing a glass on a fan's head. And you thou‚Ä¶ https://t.co/Y4Qp3sr2BZ,0.0,0.0,0.0,1.0,48
453,nytimes,Wed Jun 27 17:20:10 +0000 2018,"Joe Jackson, the father and manager of the Jackson 5, has died https://t.co/ZWhxupoKYU",-0.5574,0.0,0.231,0.769,47
454,nytimes,Wed Jun 27 17:06:46 +0000 2018,"The man accused of driving his car into people protesting a white supremacist rally in Charlottesville, Virginia wa‚Ä¶ https://t.co/uxsXz1QqDB",-0.5423,0.07,0.233,0.698,46
455,nytimes,Wed Jun 27 16:54:00 +0000 2018,Breaking News: President Trump and President Vladimir Putin of Russia will hold a summit soon. The planned meeting‚Ä¶ https://t.co/gdRwE4Gd1z,0.0,0.0,0.0,1.0,45
456,nytimes,Wed Jun 27 16:45:58 +0000 2018,Breaking News: The Justice Department approved Disney's $71 billion bid for 21st Century Fox's assets. The decision‚Ä¶ https://t.co/zWAST0A14E,0.7845,0.345,0.0,0.655,44
457,nytimes,Wed Jun 27 16:28:06 +0000 2018,"Bill Shine, ousted from Fox News for his handling of sexual harassment scandals, is expected to be offered the top‚Ä¶ https://t.co/TZhweMpySJ",-0.7717,0.0,0.261,0.739,43
458,nytimes,Wed Jun 27 16:13:05 +0000 2018,"The California Supreme Court calls it a ‚Äúbarbaric‚Äù rule from a ‚Äúbygone age."" But the felony murder rule is still th‚Ä¶ https://t.co/q7lRQibKIB",-0.9001,0.075,0.369,0.556,42
459,nytimes,Wed Jun 27 15:58:45 +0000 2018,"Germany, the defending World Cup champion, lost to South Korea and failed to advance out of the group stage. Mexico‚Ä¶ https://t.co/ath6QUMX4R",-0.1779,0.142,0.204,0.655,41
460,nytimes,Wed Jun 27 15:56:33 +0000 2018,"Video review has come to the World Cup, and it probably just knocked the defending champion Germany out of the tour‚Ä¶ https://t.co/Jl9sDRbvIG",0.5994,0.157,0.0,0.843,40
461,nytimes,Wed Jun 27 15:53:06 +0000 2018,RT @nytopinion: Does Donald Trump fear foreigners invading America like he fears germs contaminating his body? Watch Episode 3 of @realtrum‚Ä¶,-0.5423,0.098,0.235,0.667,39
462,nytimes,Wed Jun 27 15:49:03 +0000 2018,Because Slack is down and you might have to actually talk to your coworkers ¬Ø\_(„ÉÑ)_/¬Ø https://t.co/W52HIDHdEf,0.0,0.0,0.0,1.0,38
463,nytimes,Wed Jun 27 15:43:02 +0000 2018,A police officer was charged with criminal homicide in the fatal shooting of teenager Antwon Rose  https://t.co/0qvGG0RSQ4,-0.8271,0.0,0.401,0.599,37
464,nytimes,Wed Jun 27 15:33:04 +0000 2018,RT @randyNYT: Notice the accent marks on Mexico's World Cup jerseys? A New York Times editor @apchavira did that: https://t.co/7169yQMwqw,0.0,0.0,0.0,1.0,36
465,nytimes,Wed Jun 27 15:23:06 +0000 2018,"Germany probably advances in the World Cup with a win, but might not, and probably doesn‚Äôt advance with a loss, but‚Ä¶ https://t.co/jAi6tGii3T",-0.1406,0.103,0.126,0.771,35
466,nytimes,Wed Jun 27 15:13:03 +0000 2018,"RT @HannaIngber: Our politics editor, @patrickhealynyt, is inviting readers to ask him questions about how we're covering the midterms. Ple‚Ä¶",0.3182,0.108,0.0,0.892,34
467,nytimes,Wed Jun 27 15:03:06 +0000 2018,Russia demonstrated that one response to fielding an unwelcome question is to ask a different question. And another‚Ä¶ https://t.co/uaabtuxMS1,-0.4019,0.0,0.137,0.863,33
468,nytimes,Wed Jun 27 14:58:26 +0000 2018,"RT @mattfleg: Was just going back through some notes from our chat w/ @Ocasio2018 many weeks ago. This stood out: ""There‚Äôs this weird mascu‚Ä¶",-0.2204,0.0,0.075,0.925,32
469,nytimes,Wed Jun 27 14:43:02 +0000 2018,"""The violent act of a fan is sad,"" she wrote, but what is even worse, she added, is the reaction of those who do no‚Ä¶ https://t.co/FYiFx0HKyj",-0.714,0.055,0.218,0.727,31
470,nytimes,Wed Jun 27 14:33:06 +0000 2018,Mexico and Sweden are hoping to clinch advancement to the second round of World Cup. Chicharito (Javier Hernandez)‚Ä¶ https://t.co/gad8LqyAW5,0.4215,0.135,0.0,0.865,30
471,nytimes,Wed Jun 27 14:23:04 +0000 2018,"RT @mwolgelenter: ‚ÄúThe enemies of a meat-based diet want to consign humanity to grains.‚Äù @alissanyt, on French butchers seeking protection‚Ä¶",-0.4404,0.06,0.149,0.791,29
472,nytimes,Wed Jun 27 14:13:14 +0000 2018,"Breaking News: The Supreme Court dealt a major blow to labor unions, ruling 5-4 that government workers can‚Äôt be re‚Ä¶ https://t.co/Iyqs5AYU82",0.5574,0.159,0.0,0.841,28
473,nytimes,Wed Jun 27 14:00:05 +0000 2018,"RT @fstockman: A primer for what happened last night in NY. ‚ÄòYes, I‚Äôm Running as a #Socialist.‚Äô Why Candidates Are Embracing the Label in 2‚Ä¶",0.0,0.0,0.0,1.0,27
474,nytimes,Wed Jun 27 13:45:07 +0000 2018,"RT @NYTSports: The Mexican player known as ""Chucky"" has been a nightmare for opponents at the World Cup. And there may be more like him on‚Ä¶",0.4201,0.104,0.0,0.896,26
475,nytimes,Wed Jun 27 13:31:02 +0000 2018,The murals started appearing quietly in Paris last week. Now they're confirmed as the work of Banksy ‚Äî and the race‚Ä¶ https://t.co/eZoGJjSDeq,0.0,0.0,0.0,1.0,25
476,nytimes,Wed Jun 27 13:21:06 +0000 2018,The search for a dozen boys and their soccer coach trapped in a flooded cave complex has captivated Thailand https://t.co/1LQB1CFzM0,-0.2023,0.118,0.155,0.727,24
477,nytimes,Wed Jun 27 13:10:41 +0000 2018,"A year and a half after a New York Times correspondent was kicked out of Venezuela, he returned to see how people a‚Ä¶ https://t.co/HtNogoyDhd",0.0,0.0,0.0,1.0,23
478,nytimes,Wed Jun 27 13:00:19 +0000 2018,Morning¬†Briefing: Here's what you need to know to start your day https://t.co/EfR5ZryQxl https://t.co/zqewCJApCz,0.0,0.0,0.0,1.0,22
479,nytimes,Wed Jun 27 12:44:03 +0000 2018,"A shooting in which a woman gunned down four of her relatives, killing two, has rattled Hong Kong, a city where suc‚Ä¶ https://t.co/xaDP4Jo42X",-0.6597,0.0,0.188,0.812,21
480,nytimes,Wed Jun 27 12:30:04 +0000 2018,"President Trump has chosen a more moderate approach to limit Chinese investments in the United States, rejecting mo‚Ä¶ https://t.co/K423hIY9vc",-0.0516,0.128,0.138,0.734,20
481,nytimes,Wed Jun 27 12:16:06 +0000 2018,"""The unfortunate reality is that under the present system, migrant children are not accounted for with the same eff‚Ä¶ https://t.co/bx2vRTeyEn",-0.4588,0.0,0.136,0.864,19
482,nytimes,Wed Jun 27 11:50:04 +0000 2018,A political revolution ‚Äî or something like it ‚Äî just rippled through New York City https://t.co/Y0F0wPNONI,0.3612,0.172,0.0,0.828,18
483,nytimes,Wed Jun 27 11:41:06 +0000 2018,The Korematsu ruling was an exceedingly rare modern example in which the Supreme Court explicitly upheld government‚Ä¶ https://t.co/yUWSZBmg3Y,0.5574,0.175,0.0,0.825,17
484,nytimes,Wed Jun 27 11:30:03 +0000 2018,"Justice Sonia Sotomayor condemned the travel ban as ""harrowing"" and ""motivated by hostility and animus toward the M‚Ä¶ https://t.co/JqxzB2lrOo",-0.5574,0.211,0.329,0.461,16
485,nytimes,Wed Jun 27 11:20:03 +0000 2018,RT @nytgraphics: Charts illustrating some of the effects of Trump's travel ban so far:  https://t.co/6a3wAmRUPn https://t.co/eqWjGnfI8r,-0.5574,0.0,0.194,0.806,15
486,nytimes,Wed Jun 27 11:11:07 +0000 2018,What the Supreme Court's endorsement of the travel ban says about the extent of the president's power https://t.co/jsDBQuSBQD,0.3182,0.241,0.147,0.612,14
487,nytimes,Wed Jun 27 11:00:06 +0000 2018,"Fact check: No, Democrats don't want ""open borders"" https://t.co/91CrZV9ahM",-0.3447,0.0,0.328,0.672,13
488,nytimes,Wed Jun 27 10:44:06 +0000 2018,Results for elections in 7 states https://t.co/MAme5UnNmP https://t.co/sXLPiAvuny,0.0,0.0,0.0,1.0,12
489,nytimes,Wed Jun 27 10:30:12 +0000 2018,"""I knew that it was long odds, and I knew that it was uphill, but I always knew it was possible,"" Alexandria Ocasio‚Ä¶ https://t.co/Nhy8yHPad6",0.0,0.0,0.0,1.0,11
490,nytimes,Wed Jun 27 10:16:02 +0000 2018,"The seized items included $30 million in cash, 2,800 pairs of earrings, 2,200 rings, 2,100 bangles, 1,600 brooches,‚Ä¶ https://t.co/zRJ8B871Xz",0.0,0.0,0.0,1.0,10
491,nytimes,Wed Jun 27 10:00:13 +0000 2018,Morning¬†Briefing: Here's what you need to know to start your day https://t.co/aTMTe1uUWB https://t.co/e8MWX047Hr,0.0,0.0,0.0,1.0,9
492,nytimes,Wed Jun 27 09:44:02 +0000 2018,"""The odds are that Trump will deliver a G-7 performance. And I fear that we will come out of this summit with symbo‚Ä¶ https://t.co/ARkcwTr80i",-0.4939,0.0,0.132,0.868,8
493,nytimes,Wed Jun 27 09:30:06 +0000 2018,"""It's surreal,"" Alexandria Ocasio-Cortez said as the votes were being tallied https://t.co/9QOMSSi0yQ",0.0,0.0,0.0,1.0,7
494,nytimes,Wed Jun 27 09:15:07 +0000 2018,"""There was no divine intervention here. Just hard, human work. Argentina made it. Messi made it,"" @RorySmith writes https://t.co/4vq9QC4Yhc",0.25,0.155,0.155,0.69,6
495,nytimes,Wed Jun 27 09:00:04 +0000 2018,"French butchers wrote that ""physical, verbal, and moral violence‚Äù against them was ""neither more nor less than a fo‚Ä¶ https://t.co/ma5AGPkE3G",0.0,0.0,0.0,1.0,5
496,nytimes,Wed Jun 27 08:44:01 +0000 2018,"RT @nytimesworld: Remember the ""ecce homo"" in Spain that was one of the worst restoration projects in modern history? It has new competitio‚Ä¶",-0.6249,0.0,0.157,0.843,4
497,nytimes,Wed Jun 27 08:30:09 +0000 2018,"There's a lot of trash in the ocean these days. But which of these items is most frequently found on beaches?
‚Ä¢ Str‚Ä¶ https://t.co/816BGF7zsk",0.0,0.0,0.0,1.0,3
498,nytimes,Wed Jun 27 08:15:09 +0000 2018,RT @nytimesworld: Malta says it will let a rescue ship carrying hundreds of African migrants dock ‚Äî if other European countries agree to ta‚Ä¶,0.7003,0.225,0.0,0.775,2
499,nytimes,Wed Jun 27 08:02:02 +0000 2018,"McKinsey is a keeper of secrets the world over. But in South Africa, its culture of confidentiality helped ensnare‚Ä¶ https://t.co/fe85ixkHpJ",0.0,0.0,0.0,1.0,1
